uniqueID;Spec;Plotname;DBH;CBH1;CBH2;CD1;CD2;meanCD;State;SpecGroup;Height;realX;realY;realZ
BR01_1;FagSyl;BR01;33,7;2;2;7,32;9,2;8,26;alive;Broad-leaved;25,61080775;476710,3144;5429025,536;255,01
BR01_10;FagSyl;BR01;28;1,4;1,4;10,32;8,38;9,35;alive;Broad-leaved;23,53733398;476730,9903;5429027,393;259,22
BR01_100;AcePse;BR01;6,8;7,6;7,6;3,3;5;4,15;alive;Broad-leaved;12,457;476756,9903;5429089,256;257,053009
BR01_101;QuePet;BR01;7,2;10,7;10,7;2,4;3,5;2,95;alive;Broad-leaved;8,020609407;476751,2822;5429088,974;255,84
BR01_102;QuePet;BR01;9,7;10,6;10,6;2,3;3,3;2,8;alive;Broad-leaved;12,829;476756,1011;5429091,818;256,421387
BR01_103;PicAbi;BR01;25,5;0,3;8,3;4,8;4;4,4;alive;Coniferous;20,108;476754,3703;5429088,261;256,625854
BR01_104;PicAbi;BR01;15;0,4;8,8;4,3;3,7;4;alive;Coniferous;15,591;476752,3553;5429084,517;256,81308
BR01_105;PicAbi;BR01;17,8;1,9;9,7;3,2;3,6;3,4;alive;Coniferous;16,98;476751,4017;5429082,236;257,0225
BR01_106;PicAbi;BR01;23,1;0,4;9,2;4;3,7;3,85;alive;Coniferous;18,649;476751,0275;5429085,609;256,337799
BR01_107;PicAbi;BR01;14,2;1,2;7,9;3;4;3,5;alive;Coniferous;13,18603497;476744,082;5429084,618;255,08
BR01_108;PicAbi;BR01;14,3;0,6;9,8;2,7;3;2,85;alive;Coniferous;13,27140731;476744,7783;5429086,142;255,15
BR01_109;PicAbi;BR01;21,2;1,1;9,5;4,1;3,7;3,9;alive;Coniferous;18,49813911;476742,7793;5429088,616;254,38
BR01_11;FagSyl;BR01;28,9;1,1;1,1;9,53;9,7;9,615;alive;Broad-leaved;23,89866604;476725,5481;5429029,755;257,74
BR01_110;PicAbi;BR01;18;0,6;10;3,5;2,7;3,1;alive;Coniferous;16,23303296;476744,0217;5429088,104;254,66
BR01_111;QuePet;BR01;13,6;10,1;10,1;3,3;3,4;3,35;alive;Broad-leaved;14,5700264;476745,5828;5429089,303;254,76
BR01_112;PicAbi;BR01;22,8;0,4;10,6;4;4,2;4,1;alive;Coniferous;18,986;476751,0925;5429089,539;255,746429
BR01_113;QuePet;BR01;6,7;7,7;7,7;2,7;3,5;3,1;alive;Broad-leaved;7,445713625;476745,0381;5429092,161;254,28
BR01_115;QuePet;BR01;11,9;8;8;2,9;5,3;4,1;alive;Broad-leaved;12,99704959;476747,5254;5429091,143;254,92
BR01_116;PicAbi;BR01;19,4;0,3;4;5,1;4,3;4,7;alive;Coniferous;17,172;476754,0738;5429090,676;256,196259
BR01_117;QuePet;BR01;12,9;11,4;11,4;3,1;4,6;3,85;alive;Broad-leaved;14,503;476752,8213;5429093,478;255,525818
BR01_118;PicAbi;BR01;18;0,3;9,2;4;2,9;3,45;alive;Coniferous;16,23303296;476740,8933;5429082,469;254,9
BR01_119;PicAbi;BR01;19,1;0,4;8,9;3,7;3;3,35;alive;Coniferous;17,04132967;476742,6923;5429081,212;255,37
BR01_12;PicAbi;BR01;10,4;1,3;1,3;3,01;3,26;3,135;alive;Coniferous;9,74110041;476717,83;5429038,516;255,29
BR01_120;PicAbi;BR01;16,3;0,5;7,8;2,8;3,1;2,95;alive;Coniferous;14,91964396;476742,6931;5429079,953;255,53
BR01_121;PicAbi;BR01;13,3;0,7;8,4;2,5;2,7;2,6;alive;Coniferous;12,40505874;476741,2003;5429078,888;255,38
BR01_122;PicAbi;BR01;19;0,9;8;2,9;3,3;3,1;alive;Coniferous;18,11;476743,8078;5429078,506;256,011505
BR01_123;PicAbi;BR01;15,4;0,4;8,8;3,4;3,7;3,55;alive;Coniferous;14,19187954;476742,516;5429076,515;255,93
BR01_124;PicAbi;BR01;12,4;1,7;9,9;2;3;2,5;alive;Coniferous;11,60167777;476744,1785;5429077,364;256,08
BR01_126;PicAbi;BR01;18,6;1,4;9,3;3,5;3,3;3,4;alive;Coniferous;17,808;476750,032;5429078,848;257,055634
BR01_127;PicAbi;BR01;16,1;0,7;9,8;2,4;3,2;2,8;alive;Coniferous;17,641;476748,712;5429081,366;256,470215
BR01_128;PicAbi;BR01;17,6;1,1;9,8;2,7;2,2;2,45;alive;Coniferous;16,477;476748,9963;5429083,163;256,386078
BR01_129;QuePet;BR01;10,9;5,8;9,5;3,3;4,9;4,1;alive;Broad-leaved;13,708;476750,6058;5429080,434;256,971252
BR01_13;FagSyl;BR01;6,4;0,5;0,5;4,48;4,36;4,42;alive;Broad-leaved;7,659836986;476721,2528;5429033,841;256,25
BR01_130;CarBet;BR01;9,9;1,4;3,5;5,1;4,8;4,95;alive;Broad-leaved;10,03753379;476742,2878;5429035,347;260,33
BR01_131;CarBet;BR01;20,2;1,4;1,4;10,6;8,4;9,5;alive;Broad-leaved;16,73353219;476742,5208;5429039,924;259,89
BR01_132;CarBet;BR01;19,1;2,3;2,3;7,1;7,6;7,35;alive;Broad-leaved;14,694;476746,5988;5429038,207;260,79007
BR01_133;AcePse;BR01;9,2;5,7;5,7;4,1;3,7;3,9;alive;Broad-leaved;12,792;476747,765;5429039,229;260,957489
BR01_134;CarBet;BR01;5,2;5,2;5,2;3,7;3,6;3,65;alive;Broad-leaved;5,520418712;476744,8951;5429041,903;260,1
BR01_135;CarBet;BR01;7,7;0,8;1,8;5,9;5,4;5,65;alive;Broad-leaved;8,038302971;476746,6851;5429041,549;260,48
BR01_136;CarBet;BR01;8,7;2,8;2,8;6,2;5,1;5,65;alive;Broad-leaved;12,128;476749,2355;5429039,901;260,96817
BR01_137;CarBet;BR01;6,5;1,3;1,3;4,2;4,5;4,35;alive;Broad-leaved;6,856625673;476748,214;5429040,545;260,69
BR01_138;CarBet;BR01;14,8;3,1;4,4;6,9;9,2;8,05;alive;Broad-leaved;13,939;476748,1525;5429035,784;261,31543
BR01_139;CarBet;BR01;9;6,7;6,6;5,6;5,2;5,4;alive;Broad-leaved;13,876;476749,9008;5429030,907;262,113953
BR01_14;AceCam;BR01;41,5;1,1;1,1;12,4;9,8;11,1;alive;Broad-leaved;17,921;476725,5007;5429046,888;255,964981
BR01_141;FagSyl;BR01;11,8;3,9;3,9;8;3,7;5,85;alive;Broad-leaved;13,94;476751,6825;5429031,84;262,279449
BR01_142;CarBet;BR01;9,9;0,5;0,5;5,7;6,9;6,3;alive;Broad-leaved;11,044;476752,5961;5429034,38;262,277191
BR01_143;CarBet;BR01;11,7;1,2;1,2;8,3;6,1;7,2;alive;Broad-leaved;11,50521954;476754,3768;5429025,87;263,34
BR01_144;FagSyl;BR01;10,6;2;2;7,3;5,9;6,6;alive;Broad-leaved;12,28030316;476756,1454;5429028,747;263,36
BR01_145;PseMen;BR01;57,9;15,8;15,8;11,1;9,7;10,4;alive;Coniferous;34,701;476752,0873;5429028,28;262,758423
BR01_146;CarBet;BR01;13,1;1,8;1,8;8;7,5;7,75;alive;Broad-leaved;13,004;476752,5758;5429030,977;262,555786
BR01_147;FagSyl;BR01;33,6;3,2;3,2;13,9;10,4;12,15;alive;Broad-leaved;22,178;476756,8175;5429033,203;263,051239
BR01_148;AcePse;BR01;11;3,2;5,8;6;5,8;5,9;alive;Broad-leaved;12,01;476757,6965;5429034,308;262,965271
BR01_149;PruAvi;BR01;24,1;1,5;4,7;9,7;8,7;9,2;alive;Broad-leaved;18,606;476763,7558;5429038,081;263,806335
BR01_15;CarBet;BR01;5,2;1,1;1,1;5,5;3,8;4,65;alive;Broad-leaved;5,520418712;476726,9715;5429046,138;256,19
BR01_150;FagSyl;BR01;47,7;10,8;10,8;9,1;13,5;11,3;alive;Broad-leaved;29,389;476775,7663;5429040,087;266,27066
BR01_151;FagSyl;BR01;5,2;0;0;5,1;3,9;4,5;alive;Broad-leaved;6,200856231;476774,1397;5429037,55;266,09
BR01_152;FagSyl;BR01;5;0,5;0,5;6,3;4,7;5,5;alive;Broad-leaved;5,955055925;476774,8196;5429036,909;266,4
BR01_153;FagSyl;BR01;5;0,1;0,1;4,3;3,1;3,7;alive;Broad-leaved;5,955055925;476776,3865;5429041,502;266,05
BR01_154;CarBet;BR01;21;1,6;1,6;8,5;6,7;7,6;alive;Broad-leaved;17,972;476784,2468;5429036,041;269,714783
BR01_155;CarBet;BR01;21,5;1,2;1,9;7,6;6;6,8;alive;Broad-leaved;17,894;476783,7538;5429036,54;269,626709
BR01_156;FagSyl;BR01;6;0,9;0,9;5,5;4,9;5,2;alive;Broad-leaved;7,177726254;476784,361;5429040,938;268,77
BR01_157;FagSyl;BR01;5;2,3;2,3;1,8;3,7;2,75;alive;Broad-leaved;5,955055925;476780,8509;5429041,805;267,34
BR01_158;FagSyl;BR01;6,1;2,2;2,2;3,4;4,3;3,85;alive;Broad-leaved;7,298735496;476781,2195;5429043,063;267,25
BR01_159;FagSyl;BR01;7,3;0,7;0,7;2,9;1,8;2,35;alive;Broad-leaved;8,722520257;476778,4564;5429043,631;266,41
BR01_16;FagSyl;BR01;42,4;4,9;6,2;13,3;7,6;10,45;alive;Broad-leaved;25,017;476731,5899;5429047,461;257,058411
BR01_160;LarDec;BR01;42,2;18;18;5,4;6,9;6,15;alive;Coniferous;34,637;476790,7295;5429045,689;269,522522
BR01_161;FagSyl;BR01;43,9;1,9;1,9;9,4;11,6;10,5;alive;Broad-leaved;28,223;476788,1413;5429044,257;269,073456
BR01_162;FraExc;BR01;5;4,5;4,5;3,6;2,6;3,1;alive;Broad-leaved;6,47241064;476782,2314;5429045,428;268,16
BR01_163;AcePse;BR01;4,8;0,9;0,9;3,2;2,9;3,05;alive;Broad-leaved;6,428625877;476780,21;5429045,753;266,41
BR01_164;CarBet;BR01;13,3;0,9;0,9;8,1;7,5;7,8;alive;Broad-leaved;10,396;476786,9243;5429051,534;267,337769
BR01_165;FagSyl;BR01;44,5;3,2;3,2;9,9;7,5;8,7;alive;Broad-leaved;32,706;476783,4778;5429049,771;266,72818
BR01_166;FagSyl;BR01;55,6;1,1;1,1;10,1;13,6;11,85;alive;Broad-leaved;35,588;476783,3485;5429055,09;266,024
BR01_167;FagSyl;BR01;5,3;0,1;0,3;5,6;6;5,8;alive;Broad-leaved;6,323610679;476781,2961;5429055,198;265,41
BR01_168;FagSyl;BR01;54,5;4,5;4,5;14,5;11,3;12,9;alive;Broad-leaved;30,563;476778,3973;5429050,901;265,386017
BR01_169;FagSyl;BR01;25,7;4,9;4,9;8,94;9,94;9,44;alive;Broad-leaved;22,54587421;476759,6931;5429025,296;264,27
BR01_17;CarBet;BR01;7,8;1,4;1,4;5,1;5,5;5,3;alive;Broad-leaved;8,134029877;476730,2761;5429046,427;256,88
BR01_170;CarBet;BR01;8,2;1;1;7,01;6,07;6,54;alive;Broad-leaved;8,512434207;476758,6623;5429029,625;263,55
BR01_171;PseMen;BR01;55,9;3,1;13,3;6,27;7,28;6,775;alive;Coniferous;35,518;476764,511;5429028,4;265,012115
BR01_172;FagSyl;BR01;61,7;8,4;8,4;12,12;14,3;13,21;alive;Broad-leaved;31,61;476767,5953;5429033,379;265,096039
BR01_173;FagSyl;BR01;35,2;1,8;1,8;8,48;10,58;9,53;alive;Broad-leaved;28,047;476771,4835;5429026,149;266,906952
BR01_174;FagSyl;BR01;20,2;0,6;0,6;6,93;7,45;7,19;alive;Broad-leaved;21,842;476772,9033;5429018,89;268,295105
BR01_175;PseMen;BR01;49;5,5;10,6;9;6,66;7,83;alive;Coniferous;34,532;476774,0963;5429024,624;268,060333
BR01_176;FagSyl;BR01;22,8;0,5;0,5;7,09;7;7,045;alive;Broad-leaved;19,789;476777,4285;5429025,298;269,222992
BR01_177;FagSyl;BR01;34,3;1,1;1,1;8,37;9,57;8,97;alive;Broad-leaved;27,148;476780,4815;5429031,091;269,382812
BR01_178;FagSyl;BR01;28,9;1,3;1,3;8,44;8,65;8,545;alive;Broad-leaved;28,078;476777,0235;5429032,822;267,86496
BR01_179;FagSyl;BR01;37,7;18,4;18,4;12,81;10,37;11,59;alive;Broad-leaved;31,72;476777,2193;5429035,798;267,302826
BR01_18;FagSyl;BR01;44,3;4,1;4,1;10,9;12,7;11,8;alive;Broad-leaved;26,004;476732,3083;5429040,64;257,974182
BR01_180;FagSyl;BR01;39,1;5,4;5,4;9,71;8,38;9,045;alive;Broad-leaved;29,248;476773,148;5429034,866;266,143341
BR01_181;FraExc;BR01;10,8;9,2;9,2;4,04;3,41;3,725;alive;Broad-leaved;13,76882546;476762,0456;5429036,926;263,35
BR01_183;PicAbi;BR01;19;1,1;10,2;3,4;3,6;3,5;alive;Coniferous;18,245;476734,0043;5429063,339;255,946335
BR01_186;QuePet;BR01;12;2,5;9,9;3,5;3,6;3,55;alive;Broad-leaved;16,488;476736,9808;5429064,26;256,249207
BR01_187;QuePet;BR01;17,3;6,8;6,8;3,7;4,9;4,3;alive;Broad-leaved;17,168;476738,4383;5429063,536;256,546692
BR01_189;QuePet;BR01;13,8;6,5;10,8;4,8;3,2;4;alive;Broad-leaved;16,673;476739,5078;5429061,033;257,013885
BR01_19;FagSyl;BR01;42,9;0,7;5,1;10,7;8,4;9,55;alive;Broad-leaved;24,237;476735,5583;5429036,487;259,025513
BR01_191;PicAbi;BR01;15,9;2;7,2;3,5;3,5;3,5;alive;Coniferous;10,858;476741,9028;5429057,463;257,818604
BR01_192;PicAbi;BR01;19;0,5;10,9;3;3;3;alive;Coniferous;17,787;476740,5173;5429064,197;256,856476
BR01_193;QuePet;BR01;14,4;1;8,1;4,5;4,6;4,55;alive;Broad-leaved;17,568;476741,18;5429066,021;256,76474
BR01_194;PicAbi;BR01;13,3;0,5;12,2;2,6;2;2,3;alive;Coniferous;16,267;476740,4;5429066,479;256,79
BR01_195;QuePet;BR01;15,1;6,5;8,8;4,7;3,8;4,25;alive;Broad-leaved;17,97;476734,7365;5429065,262;255,771942
BR01_196;PicAbi;BR01;16,6;0,7;8,5;2,8;3,2;3;alive;Coniferous;17,098;476735,442;5429067,008;255,733154
BR01_198;PicAbi;BR01;15,5;0,3;8,5;2,31;2,46;2,385;alive;Coniferous;14,2738659;476747,1359;5429052,56;259,22
BR01_199;PicAbi;BR01;16,8;0,5;6,3;4,2;3,55;3,875;alive;Coniferous;18,518;476750,739;5429057,296;259,443359
BR01_2;CarBet;BR01;10,8;1,1;1,1;5,09;5,66;5,375;alive;Broad-leaved;10,78995683;476716,1106;5429031,396;255,64
BR01_20;FagSyl;BR01;12,6;1;1;7,8;6,8;7,3;alive;Broad-leaved;15,275;476739,3963;5429040,49;259,315796
BR01_200;FraExc;BR01;24,3;6,2;6,2;5,68;6,39;6,035;alive;Broad-leaved;24,35987757;476748,949;5429057,165;259,12
BR01_201;QuePet;BR01;19,2;4,8;4,8;8,7;6,6;7,65;alive;Broad-leaved;17,348;476748,4038;5429058,413;259,010437
BR01_202;PicAbi;BR01;15,9;0,3;8,2;3,6;3,4;3,5;alive;Coniferous;16,656;476748,272;5429056,601;259,174225
BR01_204;PicAbi;BR01;16,8;0,5;5,4;2,8;2,6;2,7;alive;Coniferous;14,738;476744,77;5429056,113;258,523621
BR01_205;PicAbi;BR01;18,9;2;10,2;2,9;3,6;3,25;alive;Coniferous;18,411;476745,9428;5429058,007;258,50885
BR01_206;QuePet;BR01;16,5;6,8;8,5;5,5;6,2;5,85;alive;Broad-leaved;16,737;476746,4485;5429059,447;258,493317
BR01_207;PicAbi;BR01;22,4;0,4;6,7;3,6;4,15;3,875;alive;Coniferous;18,84;476748,2628;5429059,619;258,909912
BR01_208;PicAbi;BR01;9,5;0,9;4,8;2,26;3,07;2,665;alive;Coniferous;9,236;476753,3315;5429059,838;259,794952
BR01_21;PruAvi;BR01;23,6;9,7;9,7;11,7;6,8;9,25;alive;Broad-leaved;19,56733788;476738,7328;5429040,467;259,06
BR01_212;QuePet;BR01;11,5;2,9;2,9;5,6;7,7;6,65;alive;Broad-leaved;12,60899915;476743,7642;5429062,053;257,67
BR01_213;PicAbi;BR01;14,3;0,5;12,9;2,59;2,36;2,475;alive;Coniferous;16,562;476745,4725;5429063,675;257,889832
BR01_215;PicAbi;BR01;17,9;0,3;9,9;4,6;5;4,8;alive;Coniferous;16,987;476741,3353;5429077,213;255,727859
BR01_217;PicAbi;BR01;21,2;0,5;8,9;3,6;4,3;3,95;alive;Coniferous;18,185;476742,4393;5429075,188;256,127014
BR01_218;PicAbi;BR01;22,4;0,5;10,9;3,8;5;4,4;alive;Coniferous;19,05;476746,5355;5429075,371;256,858154
BR01_219;PicAbi;BR01;21,2;0,5;10,3;5,1;4,9;5;alive;Coniferous;17,694;476745,4443;5429073,853;256,849304
BR01_22;CarBet;BR01;16,8;1,2;1,3;7,7;4,8;6,25;alive;Broad-leaved;14,9325663;476740,2131;5429041,342;259,2
BR01_220;PicAbi;BR01;18,5;0,4;10;3,7;4;3,85;alive;Coniferous;17,276;476742,0538;5429074,049;256,136902
BR01_221;PicAbi;BR01;18,2;0,3;11,2;3,8;3;3,4;alive;Coniferous;17,831;476739,6698;5429073,055;255,782791
BR01_222;PicAbi;BR01;20;0,7;9,9;3,7;4,2;3,95;alive;Coniferous;18,079;476739,7575;5429071,016;256,054932
BR01_223;PicAbi;BR01;20,5;0,6;9,7;3,5;2,7;3,1;alive;Coniferous;18,741;476739,8733;5429068,713;256,325958
BR01_224;QuePet;BR01;11;5,2;5,2;2,1;2,6;2,35;alive;Broad-leaved;12,703;476741,6528;5429068,088;256,66925
BR01_225;PicAbi;BR01;25;0,4;10,4;4;4,9;4,45;alive;Coniferous;19,601;476744,6928;5429070,196;257,058075
BR01_226;PicAbi;BR01;15,5;0,3;9,2;3,8;4,2;4;alive;Coniferous;16,418;476746,602;5429073,021;257,169983
BR01_227;PicAbi;BR01;20,9;0,3;6;4,6;4;4,3;alive;Coniferous;16,006;476749,395;5429073,574;257,718842
BR01_228;PicAbi;BR01;11,2;0,3;4,9;2,87;3,16;3,015;alive;Coniferous;10,394;476750,5998;5429069,436;258,368927
BR01_229;PicAbi;BR01;23,6;0,4;7,7;3,7;5,1;4,4;alive;Coniferous;17,923;476747,8963;5429070,43;257,751373
BR01_23;FagSyl;BR01;51,3;5,3;10,2;12,3;11,6;11,95;alive;Broad-leaved;27,192;476737,1465;5429045,723;258,322235
BR01_231;PicAbi;BR01;21,2;0,3;5,5;3,01;3,54;3,275;alive;Coniferous;18,225;476748,5028;5429068,684;258,072479
BR01_232;PicAbi;BR01;21,9;0,2;9,4;3,2;3,6;3,4;alive;Coniferous;18,468;476747,489;5429066,888;257,966827
BR01_233;QuePet;BR01;10,4;3,6;3,6;3,15;4,93;4,04;alive;Broad-leaved;11,50630272;476745,0401;5429064,475;257,63
BR01_234;PicAbi;BR01;21,8;0,5;10,9;4,98;5,08;5,03;alive;Coniferous;18,041;476745,644;5429065,738;257,687042
BR01_235;QuePet;BR01;14,4;7;7;2,8;4;3,4;alive;Broad-leaved;16,532;476744,5383;5429064,1;257,624237
BR01_237;PicAbi;BR01;11,3;0,2;8,3;3;3,1;3,05;alive;Coniferous;14,696;476744,4063;5429068,126;257,244873
BR01_239;PicAbi;BR01;12,8;1,5;8,2;3,6;2,9;3,25;alive;Coniferous;15,364;476742,3145;5429069,541;256,631775
BR01_24;FagSyl;BR01;5,1;1,1;3,5;4,6;4,6;4,6;alive;Broad-leaved;6,077994779;476731,0703;5429048,104;256,81
BR01_240;PicAbi;BR01;18,6;0,5;10,8;3,8;3,8;3,8;alive;Coniferous;18,345;476742,041;5429071,574;256,407593
BR01_242;PseMen;BR01;66,5;2,5;12,5;5,8;5,9;5,85;alive;Coniferous;40,394;476785,9348;5429003,93;274,453247
BR01_243;FagSyl;BR01;14,1;0,2;0,2;7;5,7;6,35;alive;Broad-leaved;15,43916736;476785,1361;5429005,287;274,02
BR01_244;FagSyl;BR01;8,3;0,3;0,3;3,5;3,2;3,35;alive;Broad-leaved;7,5;476781,4053;5429006,346;272,9
BR01_245;FagSyl;BR01;24,6;0,1;0,1;6,5;6,5;6,5;alive;Broad-leaved;22,03379195;476781,0183;5429005,75;273,88
BR01_246;FagSyl;BR01;18;0,7;1,2;6,3;8,6;7,45;alive;Broad-leaved;18,31544445;476787,949;5429007,526;274,64
BR01_247;FagSyl;BR01;26;1,1;1,1;7,2;7,2;7,2;alive;Broad-leaved;22,68109264;476782,7035;5429009,705;272,79
BR01_248;FagSyl;BR01;29,7;0,6;0,6;9,9;9,3;9,6;alive;Broad-leaved;24,20829176;476778,5997;5429012,616;271,12
BR01_249;PseMen;BR01;51,6;18,2;18,2;3;3,9;3,45;alive;Coniferous;37,567;476776,497;5429010,988;270,747009
BR01_25;CarBet;BR01;9,5;3;3;6,2;7,1;6,65;alive;Broad-leaved;9,690941274;476729,4978;5429048,426;256,51
BR01_250;FagSyl;BR01;6,2;0,6;0,6;5,3;5;5,15;alive;Broad-leaved;11,3;476775,9373;5429006,188;271,11
BR01_251;PseMen;BR01;43,6;5,2;17,8;5,9;5,8;5,85;alive;Coniferous;32,199;476775,3948;5429007,364;270,779907
BR01_252;FraExc;BR01;5;1,4;1,4;2,8;3,6;3,2;alive;Broad-leaved;7,1;476773,637;5429005,739;270,32
BR01_253;CarBet;BR01;5;1,1;1,1;4,4;5,2;4,8;alive;Broad-leaved;4;476795,1989;5429052,482;269,61
BR01_254;FagSyl;BR01;33,2;5,5;5,5;8;6,8;7,4;alive;Broad-leaved;27,74;476802,6635;5429047,317;272,126495
BR01_255;SamNig;BR01;4,5;0,6;0,6;2,4;2,9;2,65;alive;Broad-leaved;5,5;476809,8424;5429043,398;274,84
BR01_256;FagSyl;BR01;43,3;0;0;11,5;10,2;10,85;alive;Broad-leaved;29,181;476811,3337;5429048,895;274,1705
BR01_257;FagSyl;BR01;42,7;1;1;8,9;10,2;9,55;alive;Broad-leaved;28,359;476815,4343;5429051,665;274,8405
BR01_258;FagSyl;BR01;40;13,4;13,4;10,6;7,5;9,05;alive;Broad-leaved;31,86;476809,6011;5429053,225;272,69104
BR01_259;PruAvi;BR01;8,3;1,4;2,5;5,6;5,6;5,6;alive;Broad-leaved;9,231;476810,8628;5429054,33;273,004
BR01_26;CarBet;BR01;6;2,5;2,5;5,6;4,5;5,05;alive;Broad-leaved;6,348243838;476730,37;5429049,887;256,53
BR01_260;SamNig;BR01;7,7;0;0;2,6;2;2,3;alive;Broad-leaved;5,5;476814,7372;5429058,849;273,13
BR01_261;CarBet;BR01;6,4;1,4;1,4;5,8;4,8;5,3;alive;Broad-leaved;7,605;476819,4455;5429059,316;274,253143
BR01_262;LarDec;BR01;44,5;16,3;16,3;7,4;8,8;8,1;alive;Coniferous;30,855;476782,378;5429065,301;264,664795
BR01_263;FagSyl;BR01;25,9;1,6;1,6;7,9;7;7,45;alive;Broad-leaved;20,123;476784,463;5429059,405;265,576752
BR01_264;FagSyl;BR01;18,9;1,6;1,6;8,8;9,8;9,3;alive;Broad-leaved;18,89835556;476788,5543;5429061,07;265,99
BR01_265;FagSyl;BR01;18,8;0,4;0,4;8;8,9;8,45;alive;Broad-leaved;18,83493138;476787,8433;5429062,069;265,97
BR01_266;LarDec;BR01;49;18,7;18,7;6,7;7,4;7,05;alive;Coniferous;33,521;476793,313;5429056,12;267,96637
BR01_267;CarBet;BR01;8,5;0,5;0,5;8,3;5,5;6,9;alive;Broad-leaved;8,141;476792,2073;5429056,572;267,463928
BR01_268;FagSyl;BR01;9,5;0,3;0,3;7,6;7,1;7,35;alive;Broad-leaved;8,025;476794,8254;5429060,455;267,415527
BR01_269;FagSyl;BR01;34,1;3,2;3,2;10,4;12,2;11,3;alive;Broad-leaved;24,629;476796,1845;5429061,178;267,557587
BR01_27;CarBet;BR01;7,8;1,1;2,3;4,2;3,4;3,8;alive;Broad-leaved;8,134029877;476734,6843;5429046,935;257,61
BR01_270;CarBet;BR01;25,6;1,1;1,1;9,4;8,9;9,15;alive;Broad-leaved;15,161;476795,1785;5429070,444;265,843933
BR01_271;FagSyl;BR01;7,5;1,4;1,4;5,2;5,9;5,55;alive;Broad-leaved;10,851;476791,8067;5429071,562;265,243774
BR01_272;FagSyl;BR01;13,7;1,6;1,6;9,4;10;9,7;alive;Broad-leaved;13,391;476791,541;5429070,804;265,226105
BR01_273;CarBet;BR01;14,8;0,1;0,1;7,1;6,9;7;alive;Broad-leaved;12,272;476787,3238;5429070,993;264,689941
BR01_274;CarBet;BR01;9,5;1,6;1,6;4,7;5,9;5,3;alive;Broad-leaved;8,917;476788,2578;5429069,821;264,985291
BR01_275;FagSyl;BR01;41,5;0,3;0,3;6,1;11,5;8,8;alive;Broad-leaved;28,717;476770,5485;5428999,494;270,194031
BR01_276;FagSyl;BR01;38,9;2;2;7,9;6,3;7,1;alive;Broad-leaved;29,21;476771,5484;5428994,379;271,697144
BR01_277;FagSyl;BR01;49,4;15,3;15,3;8,8;11,8;10,3;alive;Broad-leaved;29,281;476784,0435;5428993,234;275,504852
BR01_278;FagSyl;BR01;29,3;0,2;0,2;5,4;9,7;7,55;alive;Broad-leaved;26,836;476784,0668;5428996,104;275,068665
BR01_279;FagSyl;BR01;31,4;0,1;0,1;5,4;10,7;8,05;alive;Broad-leaved;25,641;476780,3663;5428994,674;274,419189
BR01_28;CarBet;BR01;10,8;1;1;7;8;7,5;alive;Broad-leaved;11,372;476739,9763;5429047,388;258,543518
BR01_280;FagSyl;BR01;33,3;0,5;0,5;8,4;10;9,2;alive;Broad-leaved;26,077;476779,4167;5428999,448;273,597
BR01_281;FagSyl;BR01;27,8;1,5;1,5;10,9;7,2;9,05;alive;Broad-leaved;23,45509329;476788,2435;5429003,152;274,94
BR01_282;PseMen;BR01;67,5;3,3;17;5,7;9,8;7,75;alive;Coniferous;40,827;476785,9653;5429030,477;271,253296
BR01_283;PseMen;BR01;75,9;10,4;16,6;8,4;9,4;8,9;alive;Coniferous;40,876;476783,698;5429025,39;271,294189
BR01_284;FagSyl;BR01;17,8;0,4;0,4;9,9;5,7;7,8;alive;Broad-leaved;18,18212811;476779,9724;5429022,632;270,41
BR01_285;FagSyl;BR01;35,5;9,9;9,9;6,8;5,8;6,3;alive;Broad-leaved;26,17237399;476788,3644;5429025,261;272,4
BR01_286;FagSyl;BR01;31,7;0,8;0,8;8,8;6,7;7,75;alive;Broad-leaved;28,359;476790,7593;5429028,61;272,677185
BR01_287;PseMen;BR01;58,7;5,9;22;6,6;6,6;6,6;alive;Coniferous;40,997;476787,4898;5429021,003;272,878174
BR01_289;FagSyl;BR01;54,2;0,2;0,2;11,5;11;11,25;alive;Broad-leaved;30,593;476795,0243;5429026,898;273,942291
BR01_29;CarBet;BR01;12,1;1;1;7;8;7,5;alive;Broad-leaved;11,861;476740,1953;5429047,819;258,485962
BR01_290;SamNig;BR01;6,5;0,3;1,7;4,1;4;4,05;alive;Broad-leaved;3,2962919;476789,7384;5429008,91;274,73
BR01_291;CarBet;BR01;5,5;1,6;1,6;5,6;4,2;4,9;alive;Broad-leaved;12,7;476793,4627;5429012,564;275,15
BR01_292;CarBet;BR01;5,3;2;2;5,6;4,2;4,9;alive;Broad-leaved;12,7;476794,068;5429011,635;275,37
BR01_293;FagSyl;BR01;32,1;1,3;1,3;9,7;10,8;10,25;alive;Broad-leaved;25,07710106;476790,4911;5429014,478;274,26
BR01_294;CarBet;BR01;6,9;1,5;1,5;5,4;4,1;4,75;alive;Broad-leaved;7;476792,488;5429018,93;274,26
BR01_295;CarBet;BR01;8,5;1,1;1,1;6,1;5;5,55;alive;Broad-leaved;5,1;476797,0553;5429019,883;275,11
BR01_296;FagSyl;BR01;7;0,4;0,4;5,5;5,1;5,3;alive;Broad-leaved;8,372053374;476789,0067;5429019,442;273,32
BR01_297;CarBet;BR01;22,6;1,1;1,1;6,9;5,3;6,1;alive;Broad-leaved;17,82488115;476782,0194;5429020,692;271,37
BR01_298;PseMen;BR01;52;2,5;28,5;6,6;6,4;6,5;alive;Coniferous;36,654;476783,298;5429018,083;272,184235
BR01_299;PseMen;BR01;56,9;6,8;19;6,3;7,5;6,9;alive;Coniferous;34,781;476779,012;5429018,703;270,767944
BR01_3;PinSyl;BR01;53;15;15;6,69;6,14;6,415;alive;Coniferous;30,63360866;476720,139;5429027,981;256,81
BR01_30;PicAbi;BR01;22,9;0,5;4;3,9;3,5;3,7;alive;Coniferous;19,59922094;476744,4064;5429048,302;259,2
BR01_300;FagSyl;BR01;19,7;0,2;0,2;6,7;7,2;6,95;alive;Broad-leaved;19,39411582;476774,0578;5429016,943;268,89
BR01_301;FagSyl;BR01;6,3;1;1;5,8;6,2;6;alive;Broad-leaved;5,7;476786,6643;5429032,046;270,96
BR01_302;FagSyl;BR01;38,5;1,7;1,7;7,8;11,2;9,5;alive;Broad-leaved;29,039;476789,0098;5429032,279;271,624573
BR01_303;FagSyl;BR01;7,5;0,6;0,6;5,7;5,7;5,7;alive;Broad-leaved;6,9;476785,4966;5429036,943;269,96
BR01_304;PruAvi;BR01;16;1,7;4,7;6,7;5,3;6;alive;Broad-leaved;15,359;476793,2215;5429039,486;271,384064
BR01_305;FraExc;BR01;5,9;4,2;4,2;2,7;2,9;2,8;alive;Broad-leaved;7,701325355;476792,4517;5429036,083;271,87
BR01_306;AcePse;BR01;5,8;3,3;3,3;4,1;4,1;4,1;alive;Broad-leaved;9;476794,469;5429033,967;272,86
BR01_307;FagSyl;BR01;18,8;1,3;1,3;8,9;9,3;9,1;alive;Broad-leaved;18,83493138;476802,8564;5429030,231;275,08
BR01_308;PinSyl;BR01;51,9;4,7;20,8;5,1;6,8;5,95;alive;Coniferous;32,73;476804,9818;5429032,214;275,274597
BR01_309;CarBet;BR01;5,8;1,1;1,1;3,7;3,7;3,7;alive;Broad-leaved;7,7;476795,2884;5429032,947;273,25
BR01_31;PicAbi;BR01;19;1;9,9;2,7;2,5;2,6;alive;Coniferous;18,078;476748,7328;5429052,401;259,571594
BR01_310;FagSyl;BR01;6,5;1,1;1,1;3,3;3,8;3,55;alive;Broad-leaved;8,2;476802,3271;5429035,682;274,39
BR01_311;FagSyl;BR01;14,7;0,3;0,3;6,9;9;7,95;alive;Broad-leaved;14,6;476807,4545;5429038,731;275,1085
BR01_312;FagSyl;BR01;38,3;0,2;0,2;6,8;8,1;7,45;alive;Broad-leaved;27,646;476807,2903;5429040,62;274,6465
BR01_313;FagSyl;BR01;11,5;1,1;1,1;5;8,2;6,6;alive;Broad-leaved;13,15114869;476800,2686;5429038,215;273,71
BR01_314;FagSyl;BR01;45,8;0,5;0,5;9,4;13,6;11,5;alive;Broad-leaved;30,076;476800,0383;5429044,245;272,311584
BR01_315;FagSyl;BR01;38,3;3,1;3,1;7,7;8,6;8,15;alive;Broad-leaved;29,819;476800,4548;5429038,989;273,558716
BR01_316;FagSyl;BR01;16,3;0,3;0,3;6,6;7,7;7,15;alive;Broad-leaved;17,13576807;476792,589;5429045,613;269,87
BR01_317;FagSyl;BR01;9,8;2;2;5,5;7,4;6,45;alive;Broad-leaved;11,47038048;476791,5487;5429049,013;269
BR01_318;FagSyl;BR01;40,1;1,3;1,3;9,4;8,1;8,75;alive;Broad-leaved;30,284;476795,0715;5429048,531;269,995331
BR01_319;FagSyl;BR01;6,1;0,5;0,5;3;4,1;3,55;alive;Broad-leaved;8,6;476819,8746;5429060,813;274,03
BR01_32;QuePet;BR01;11,1;7;7;3,2;4,3;3,75;alive;Broad-leaved;17,862;476746,5978;5429053,329;259,098145
BR01_320;CarBet;BR01;6,7;1,5;1,5;3,2;4,8;4;alive;Broad-leaved;4,6;476824,8147;5429057,443;275,48
BR01_321;FagSyl;BR01;10;0,2;0,2;5,7;4,7;5,2;alive;Broad-leaved;10,457;476825,6878;5429059,247;275,354462
BR01_322;FagSyl;BR01;42,5;1,1;1,1;9,8;10,3;10,05;alive;Broad-leaved;28,619;476824,9118;5429066,61;274,178101
BR01_323;FagSyl;BR01;5,5;0,4;1,4;4,2;5,3;4,75;alive;Broad-leaved;7,4;476825,5372;5429063,425;274,76
BR01_324;FagSyl;BR01;40,9;0,9;0,9;7,1;8,7;7,9;alive;Broad-leaved;24,393;476830,3288;5429067,184;275,186462
BR01_325;FagSyl;BR01;28,4;1,6;1,6;14,3;12,7;13,5;alive;Broad-leaved;15,177;476832,234;5429061,135;276,178955
BR01_326;FagSyl;BR01;6;2;5,7;4,2;3,9;4,05;alive;Broad-leaved;7,1;476829,4616;5429058,152;276,09
BR01_327;FagSyl;BR01;5,5;1,9;1,9;5,6;3,1;4,35;alive;Broad-leaved;7,4;476828,4617;5429056,591;276,19
BR01_328;FraExc;BR01;13,8;7,2;7,2;5,4;5,4;5,4;alive;Broad-leaved;15,56;476834,9153;5429053,033;277,497314
BR01_329;FagSyl;BR01;12,5;0,5;0,5;6,2;7,6;6,9;alive;Broad-leaved;10,282;476836,3233;5429052,353;277,651184
BR01_33;PicAbi;BR01;12,8;0,4;3,6;3,3;3,4;3,35;alive;Coniferous;11,96146197;476743,0185;5429050,925;258,74
BR01_330;FraExc;BR01;8,9;3,9;3,9;3,4;3,5;3,45;alive;Broad-leaved;8,5;476836,0816;5429052,149;277,83
BR01_333;PruAvi;BR01;18,4;3,7;3,7;6,6;7,9;7,25;alive;Broad-leaved;15,497;476837,606;5429056,952;277,353333
BR01_334;PruAvi;BR01;15,4;1,9;8,5;4,6;7,4;6;alive;Broad-leaved;13,176;476839,7555;5429059,477;277,533691
BR01_335;FagSyl;BR01;10,9;1,3;3,1;3,9;6,3;5,1;alive;Broad-leaved;12;476837,8301;5429058,585;277,21
BR01_336;FagSyl;BR01;7,3;0,6;0,6;6,8;6,5;6,65;alive;Broad-leaved;8,722520257;476838,449;5429059,233;277,34
BR01_337;FraExc;BR01;8,9;1;1;2,8;4,8;3,8;alive;Broad-leaved;6,507;476840,7243;5429057,289;277,741211
BR01_338;PruAvi;BR01;17,9;1,2;6,5;7,9;7,9;7,9;alive;Broad-leaved;15,796;476838,6918;5429062,562;276,977386
BR01_339;FagSyl;BR01;5;0,1;0,1;4,1;5;4,55;alive;Broad-leaved;6,5;476833,7526;5429064,524;276,04
BR01_34;PicAbi;BR01;19,8;0,5;1,2;4,6;4,7;4,65;alive;Coniferous;17,53926471;476740,7562;5429050,034;258,33
BR01_340;FagSyl;BR01;24,3;1;1;8,7;10,5;9,6;alive;Broad-leaved;18,472;476842,1763;5429064,357;277,324066
BR01_341;FagSyl;BR01;44,6;8,2;8,2;12,2;10,4;11,3;alive;Broad-leaved;28,28;476831,7028;5429075,587;274,080292
BR01_342;FraExc;BR01;10;4,7;4,7;4,5;4,7;4,6;alive;Broad-leaved;12,87010039;476839,5539;5429057,139;277,6
BR01_343;FagSyl;BR01;51,7;7,1;7,1;10,2;9,7;9,95;alive;Broad-leaved;29,051;476813,5283;5429042,032;275,76675
BR01_344;FagSyl;BR01;5,6;0,2;0,2;5,7;5,1;5,4;alive;Broad-leaved;7,1;476810,3768;5429042,684;275,04
BR01_345;FagSyl;BR01;31;1,1;1,1;8,4;9,4;8,9;alive;Broad-leaved;21,899;476818,6148;5429040,663;276,74125
BR01_346;PicAbi;BR01;51,8;7;12,1;7,2;9,8;8,5;alive;Coniferous;33,132;476821,8035;5429045,393;276,353516
BR01_347;FagSyl;BR01;29,3;1,2;1,6;17;11,2;14,1;alive;Broad-leaved;18,136;476832,4975;5429039,642;278,46701
BR01_348;CarBet;BR01;12,9;1,5;1,5;8;7,7;7,85;alive;Broad-leaved;10,527;476829,5828;5429041,139;278,160126
BR01_349;FraExc;BR01;10,4;5;5;6,8;5,2;6;alive;Broad-leaved;13,766;476828,9748;5429046,153;277,492065
BR01_35;QuePet;BR01;14,2;7,7;7,7;4,1;4,9;4,5;alive;Broad-leaved;17,212;476743,5385;5429052,55;258,697876
BR01_351;SamNig;BR01;8,1;1,2;3,5;4,9;5,5;5,2;alive;Broad-leaved;4,9;476828,0855;5429048,889;276,98
BR01_353;FagSyl;BR01;13;0;0,3;6,1;9,1;7,6;alive;Broad-leaved;10,818;476830,4525;5429052,966;276,919159
BR01_354;CarBet;BR01;25;1,3;1,3;11,8;11,1;11,45;alive;Broad-leaved;15,199;476826,0716;5429048,435;276,894531
BR01_355;PruAvi;BR01;5,8;1,8;4,7;3,5;4,6;4,05;alive;Broad-leaved;6,651829448;476824,5207;5429054,115;275,82
BR01_356;SamNig;BR01;6,8;0,5;4,5;3,4;3;3,2;alive;Broad-leaved;8,1;476820,3867;5429054,747;275,18
BR01_357;SamNig;BR01;5,1;0,7;NA;4,9;3,6;4,25;alive;Broad-leaved;8;476821,7376;5429054,118;275,48
BR01_358;FagSyl;BR01;9,1;1,8;2,2;6,2;6,2;6,2;alive;Broad-leaved;11,121;476823,9223;5429057,463;275,353424
BR01_359;FagSyl;BR01;47,5;10,6;10,6;9,9;12,3;11,1;alive;Broad-leaved;29,891;476817,8833;5429059,893;273,895874
BR01_36;QuePet;BR01;16,4;8,1;8,1;5,1;3,9;4,5;alive;Broad-leaved;17,915;476744,1813;5429054,565;258,555084
BR01_360;FraExc;BR01;5;4,1;4,1;2,4;3,3;2,85;alive;Broad-leaved;6,773;476812,7785;5429062,494;271,844543
BR01_361;AceCam;BR01;17;1,2;1,2;7,9;7,5;7,7;alive;Broad-leaved;10,493;476808,7843;5429060,506;271,049988
BR01_362;FagSyl;BR01;41;14,4;14,4;12,3;12;12,15;alive;Broad-leaved;29,312;476806,3013;5429062,352;269,867828
BR01_363;CarBet;BR01;6,3;0,1;0,1;6,6;7,3;6,95;alive;Broad-leaved;4,662;476804,4878;5429065,547;268,747955
BR01_364;FagSyl;BR01;12,4;0,1;0,1;5,6;5,8;5,7;alive;Broad-leaved;8,691;476806,4875;5429058,019;270,82019
BR01_365;FagSyl;BR01;10,7;0,1;0,1;4,1;4,8;4,45;alive;Broad-leaved;8,446;476805,8053;5429056,811;270,809265
BR01_366;CarBet;BR01;17;1,4;1,4;6,9;10,7;8,8;alive;Broad-leaved;17,528;476801,092;5429062,935;268,330139
BR01_367;LarDec;BR01;39;20,7;20,7;5,3;6,6;5,95;alive;Coniferous;34,06;476800,4753;5429061,742;268,428253
BR01_368;FagSyl;BR01;18,9;0,2;0,2;7,4;8,7;8,05;alive;Broad-leaved;15,233;476799,6365;5429059,649;268,580597
BR01_369;CarBet;BR01;18,8;1,4;1,4;6,8;6,4;6,6;alive;Broad-leaved;17,557;476804,0075;5429069,164;267,919006
BR01_37;QuePet;BR01;7,3;5;5;2,7;1;1,85;alive;Broad-leaved;8,134866904;476738,4179;5429051,141;257,82
BR01_370;FagSyl;BR01;57,3;10,2;10,2;12,3;13;12,65;alive;Broad-leaved;31,463;476807,3333;5429070,325;268,680298
BR01_371;QuePet;BR01;38,8;1,8;1,8;9,2;9,9;9,55;alive;Broad-leaved;26,804;476819,3743;5429064,366;273,276093
BR01_372;FagSyl;BR01;28,4;0,8;0,8;7,3;6,3;6,8;alive;Broad-leaved;28,522;476814,506;5429067,264;271,4465
BR01_373;FagSyl;BR01;47,7;0,6;0,6;12,9;12,6;12,75;alive;Broad-leaved;30,352;476815,3796;5429070,869;270,854736
BR01_375;FagSyl;BR01;5,3;0,3;0,4;6,2;5;5,6;alive;Broad-leaved;6,323610679;476823,8446;5429074,442;272,42
BR01_376;FagSyl;BR01;20,9;0,2;0,2;7,7;6,9;7,3;alive;Broad-leaved;21,54;476822,6231;5429073,139;272,381195
BR01_377;FagSyl;BR01;39,2;1,7;1,7;8,3;7,7;8;alive;Broad-leaved;30,736;476825,518;5429078,143;272,060364
BR01_378;FagSyl;BR01;40,7;1,1;1,1;9,2;10,7;9,95;alive;Broad-leaved;30,459;476822,563;5429079,715;271,003082
BR01_379;FagSyl;BR01;46,8;14,9;14,9;8,1;10,2;9,15;alive;Broad-leaved;31,395;476817,6168;5429078,405;269,893829
BR01_38;PicAbi;BR01;14,2;0,8;0,8;3,5;3,4;3,45;alive;Coniferous;14,005;476739,8135;5429052,773;257,882507
BR01_380;FagSyl;BR01;23,1;0,1;0,1;6,9;5,9;6,4;alive;Broad-leaved;21,275;476813,5898;5429075,407;269,360382
BR01_381;FagSyl;BR01;49,9;1,8;1,8;14;11,2;12,6;alive;Broad-leaved;30,592;476813,2893;5429081,068;268,356445
BR01_383;QuePet;BR01;22;2,3;2,3;5,2;3,9;4,55;alive;Broad-leaved;20,75165569;476789,0159;5428988,729;277,06
BR01_384;CarBet;BR01;24,1;1,7;1,7;7,8;10,9;9,35;alive;Broad-leaved;22,111;476792,0163;5428984,928;277,790527
BR01_385;QuePet;BR01;40,3;NA;NA;8;5,4;6,7;alive;Broad-leaved;29,743;476798,6928;5428980,036;279,181366
BR01_386;QuePet;BR01;42;13,2;13,2;10,1;9,6;9,85;alive;Broad-leaved;28,761;476796,3995;5428986,372;278,301422
BR01_387;FagSyl;BR01;50,6;11,8;11,8;12,3;15,4;13,85;alive;Broad-leaved;30,47;476796,6303;5428989,367;278,016876
BR01_388;QuePet;BR01;36,9;18,5;18,5;5,9;7,3;6,6;alive;Broad-leaved;31,133;476799,7368;5428990,434;278,386078
BR01_389;QuePet;BR01;38,3;12;14,5;7,4;12,5;9,95;alive;Broad-leaved;28,497;476805,2743;5428991,493;279,310883
BR01_39;QuePet;BR01;15,4;4,2;4,2;5,6;4,3;4,95;alive;Broad-leaved;16,06;476739,9715;5429054,709;257,70517
BR01_390;FagSyl;BR01;47,5;6,9;6,9;12;10,6;11,3;alive;Broad-leaved;30,654;476801,903;5428997,667;278,205872
BR01_391;QuePet;BR01;30,8;7,2;7,2;4,2;4,9;4,55;alive;Broad-leaved;28,577;476796,0355;5428995,446;277,467987
BR01_392;FagSyl;BR01;37,2;0,4;0,4;11,2;7;9,1;alive;Broad-leaved;29,472;476795,0055;5428999,227;277,089539
BR01_393;CarBet;BR01;9,3;1,5;1,9;6,3;6,4;6,35;alive;Broad-leaved;6,6;476792,1531;5429001,677;275,98
BR01_394;CarBet;BR01;8,2;1,5;1,5;7,8;6,3;7,05;alive;Broad-leaved;4,4;476791,6628;5429001,784;275,85
BR01_395;FagSyl;BR01;5,8;0;0;5;5,2;5,1;alive;Broad-leaved;7,8;476789,251;5429001,575;275,45
BR01_396;CarBet;BR01;6,5;3;4,2;5,9;5,4;5,65;alive;Broad-leaved;6,856625673;476821,4682;5429058,559;274,75
BR01_397;CarBet;BR01;8,5;1,5;1,5;7,8;7,8;7,8;alive;Broad-leaved;8,79142432;476816,8635;5429056,41;274,12
BR01_398;CarBet;BR01;5,9;1,7;1,7;5,8;6,2;6;alive;Broad-leaved;6,245626724;476816,8161;5429056,759;274,04
BR01_399;CarBet;BR01;19,6;1,4;1,4;10,9;10,9;10,9;alive;Broad-leaved;12,571;476819,8653;5429049,14;275,933
BR01_4;FagSyl;BR01;37,4;2,7;2,7;10,76;12,55;11,655;alive;Broad-leaved;26,72474745;476724,1291;5429027,901;257,64
BR01_40;QuePet;BR01;10,7;6;8;3,8;3,9;3,85;alive;Broad-leaved;18,603;476742,0058;5429055,935;257,953308
BR01_400;CarBet;BR01;8,9;1;1;6,1;5,1;5,6;alive;Broad-leaved;9,156883585;476802,8105;5429027,859;275,3
BR01_401;CarBet;BR01;9,9;0;0;7,6;6,1;6,85;alive;Broad-leaved;10,03753379;476804,0503;5429027,391;275,47
BR01_402;CarBet;BR01;6,2;1,1;1,5;6,3;6;6,15;alive;Broad-leaved;6,552577108;476802,6188;5429024,388;275,66
BR01_403;FagSyl;BR01;9,6;1,7;1,7;4,9;6,2;5,55;alive;Broad-leaved;11,26257251;476803,1468;5429023,638;275,87
BR01_404;PruAvi;BR01;11,4;1,6;3,6;6,7;4,9;5,8;alive;Broad-leaved;12,18373025;476809,4134;5429025,077;277,02
BR01_405;FagSyl;BR01;11;1;1;7,8;8;7,9;alive;Broad-leaved;12,67256394;476812,3072;5429019,07;277,74
BR01_406;FagSyl;BR01;7,9;0,4;0,4;4,5;5,3;4,9;alive;Broad-leaved;9,410963485;476814,3471;5429020,23;277,86
BR01_407;CarBet;BR01;5,6;1;1,5;6,1;4,9;5,5;alive;Broad-leaved;5,936156723;476817,9562;5429020,764;278,2
BR01_409;CarBet;BR01;8,1;0,6;1,1;5,7;6,2;5,95;alive;Broad-leaved;8,418515302;476819,8425;5429024,421;278,11
BR01_41;PicAbi;BR01;15,4;1,1;2,5;4,1;3,4;3,75;alive;Coniferous;16,875;476739,7845;5429055,548;257,598999
BR01_411;FagSyl;BR01;10,3;1,6;1,6;6,3;6,4;6,35;alive;Broad-leaved;11,98056829;476815,8675;5429030,299;277,09
BR01_412;FagSyl;BR01;37,1;1,3;1,3;11,6;14,2;12,9;alive;Broad-leaved;21,865;476813,3118;5429025,147;277,320221
BR01_413;CarBet;BR01;8;0,9;0,9;7,3;5,1;6,2;alive;Broad-leaved;8,324139552;476821,0571;5429030,174;277,79
BR01_414;FagSyl;BR01;7,5;1,7;3;5,4;3,8;4,6;alive;Broad-leaved;8,953900626;476823,6453;5429029,473;278,11
BR01_415;CarBet;BR01;26,1;0,8;0,8;14,3;9,4;11,85;alive;Broad-leaved;19,20169921;476826,4033;5429032,415;278,35
BR01_417;FagSyl;BR01;21,8;0,6;0,6;8;7,2;7,6;alive;Broad-leaved;20,60353321;476819,744;5429034,175;277,17
BR01_418;FagSyl;BR01;12;0,2;0,2;5,2;5,9;5,55;alive;Broad-leaved;13,61689513;476815,2784;5429035,252;276,63
BR01_419;FagSyl;BR01;7,5;1,9;1,9;4,9;5,3;5,1;alive;Broad-leaved;8,953900626;476812,3219;5429034,516;276,18
BR01_42;QuePet;BR01;22,5;4,4;9,8;9,9;6,2;8,05;alive;Broad-leaved;17,879;476737,547;5429054,367;257,279938
BR01_420;FagSyl;BR01;10;1;1;8,7;5,5;7,1;alive;Broad-leaved;11,67605411;476808,6092;5429039,057;275,1
BR01_421;FagSyl;BR01;38,1;4,5;4,5;8,7;7,1;7,9;alive;Broad-leaved;29,403;476810,2695;5429039,47;275,52475
BR01_422;FagSyl;BR01;7;4,5;5,6;4,6;5,1;4,85;alive;Broad-leaved;8,372053374;476806,1619;5429033,788;275,14
BR01_423;FagSyl;BR01;12,5;0,7;0,7;7,3;7,6;7,45;alive;Broad-leaved;14,07006327;476806,9888;5429032,59;275,5
BR01_426;CarBet;BR01;6;1,2;1,2;5;5,6;5,3;alive;Broad-leaved;6,348243838;476808,9005;5429031,908;275,94
BR01_428;FagSyl;BR01;6,5;0,7;0,7;5,7;4,8;5,25;alive;Broad-leaved;7,77950957;476818,4066;5429022,961;277,99
BR01_429;PseMen;BR01;56,9;17,9;17,9;6,8;8,5;7,65;alive;Coniferous;38,063;476794,9685;5429006,248;276,298615
BR01_43;PicAbi;BR01;7,7;1,5;6,7;1,8;2,4;2,1;alive;Coniferous;10,929;476736,6298;5429058,362;256,668884
BR01_430;CarBet;BR01;4,3;0,2;2,5;3,7;3,5;3,6;alive;Broad-leaved;4,579231485;476796,9004;5429011,208;276,1
BR01_431;CarBet;BR01;7,6;1;1;6,3;7,2;6,75;alive;Broad-leaved;7,942133292;476797,5804;5429012,565;275,93
BR01_432;AcePse;BR01;8,2;4,2;4,2;5,4;6,7;6,05;alive;Broad-leaved;10,3967048;476798,2237;5429011,53;276,25
BR01_433;PruAvi;BR01;10,5;2,2;3,2;6,5;5,9;6,2;alive;Broad-leaved;11,40486737;476797,7909;5429010,233;276,42
BR01_434;FagSyl;BR01;5,5;0,2;0,3;3,2;4,1;3,65;alive;Broad-leaved;6,56868808;476795,72;5429004,843;276,51
BR01_435;FagSyl;BR01;52;1,4;1,4;13,1;10,4;11,75;alive;Broad-leaved;31,881;476806,3643;5429003,506;278,395874
BR01_436;PseMen;BR01;86,7;13,4;21,5;12,3;11,7;12;alive;Coniferous;46,385;476808,6475;5429004,644;278,7034
BR01_437;FagSyl;BR01;28,4;1,1;1,6;10,6;10,1;10,35;alive;Broad-leaved;23,69967184;476810,1494;5429005,112;278,77
BR01_438;PseMen;BR01;60,4;6,9;15,9;12,7;14,4;13,55;alive;Coniferous;36,356;476810,1788;5429007,379;278,5849
BR01_439;CarBet;BR01;5,9;1,1;2;4,8;4,1;4,45;alive;Broad-leaved;6,245626724;476805,2037;5429010,981;277,53
BR01_440;PseMen;BR01;62,2;8,5;19;11,3;7,9;9,6;alive;Coniferous;43,628;476805,87;5429012,32;277,550812
BR01_441;CarBet;BR01;6,8;1,2;1,2;6,4;5,9;6,15;alive;Broad-leaved;7,157456952;476807,4073;5429011,673;277,73
BR01_442;CarBet;BR01;9,5;1,7;1,7;5,3;6,3;5,8;alive;Broad-leaved;9,690941274;476807,4311;5429013,244;277,64
BR01_443;CarBet;BR01;5,2;1,2;1,9;2,8;3,2;3;alive;Broad-leaved;5,520418712;476810,1893;5429011,451;277,93
BR01_444;CarBet;BR01;5,3;1,4;1,4;4,5;5,2;4,85;alive;Broad-leaved;5,624627205;476811,7968;5429012,05;278,24
BR01_445;CarBet;BR01;5,5;1,2;1,2;3,8;2,8;3,3;alive;Broad-leaved;5,83251718;476812,6028;5429011,436;278,41
BR01_446;CarBet;BR01;5,7;1,1;1,1;2,6;3,8;3,2;alive;Broad-leaved;6,039566684;476812,2158;5429011,108;278,38
BR01_447;CarBet;BR01;6,9;0,6;1,1;5,8;5,1;5,45;alive;Broad-leaved;7,25697297;476812,9708;5429012,608;278,32
BR01_448;PruAvi;BR01;7,3;1,2;1,9;6,4;5,5;5,95;alive;Broad-leaved;8,289721877;476813,8819;5429009,24;278,9
BR01_449;CarBet;BR01;5,5;1;1;5,8;5,8;5,8;alive;Broad-leaved;5,83251718;476814,9919;5429008,712;279,04
BR01_45;PicAbi;BR01;24,7;0,3;7;3,8;4;3,9;alive;Coniferous;18,679;476734,5485;5429057,537;256,442505
BR01_451;FraExc;BR01;7,5;1,5;1,5;3,5;5,1;4,3;alive;Broad-leaved;9,82178396;476810,1121;5429017,197;277,86
BR01_452;FagSyl;BR01;10,2;0,9;0,9;5,7;6,4;6,05;alive;Broad-leaved;11,87959568;476802,7511;5429019,024;276,27
BR01_453;PseMen;BR01;51,8;6;23,2;6,2;6,9;6,55;alive;Coniferous;36,201;476800,678;5429020,114;275,894958
BR01_454;FagSyl;BR01;19,2;1;1;11,3;8,7;10;alive;Broad-leaved;19,0866671;476798,3253;5429017,059;275,7
BR01_455;CarBet;BR01;5,2;1,7;1,7;4,4;6,4;5,4;alive;Broad-leaved;5,520418712;476798,3963;5429016,805;275,7
BR01_456;CarBet;BR01;6,4;1,9;1,9;4,6;5,8;5,2;alive;Broad-leaved;6,755619311;476801,1478;5429012,959;276,62
BR01_457;PseMen;BR01;52,2;11,7;18;7,4;8;7,7;alive;Coniferous;34,358;476801,0153;5429008,389;277,270844
BR01_458;FagSyl;BR01;42,2;10,9;10,9;8,11;10,95;9,53;alive;Broad-leaved;28,662;476790,5145;5429077,187;264,471008
BR01_459;FagSyl;BR01;43;15,8;15,8;9,32;12,75;11,035;alive;Broad-leaved;28,88;476790,9388;5429079,754;264,180634
BR01_460;FagSyl;BR01;7,2;1,3;1,3;5,53;5,85;5,69;alive;Broad-leaved;9,151;476791,7016;5429076,212;264,687927
BR01_461;LarDec;BR01;48,3;18,4;18,4;6,3;7,54;6,92;alive;Coniferous;34,359;476797,551;5429071,768;266,024536
BR01_462;CarBet;BR01;11,5;1;1;5,05;10,38;7,715;alive;Broad-leaved;14,673;476803,352;5429071,326;267,373932
BR01_463;FagSyl;BR01;19,2;1,4;1,4;10,04;8,03;9,035;alive;Broad-leaved;19,0866671;476802,0748;5429067,917;267,63
BR01_464;FagSyl;BR01;14,4;0,6;0,6;6,92;7,37;7,145;alive;Broad-leaved;13,188;476802,778;5429073,396;266,867126
BR01_465;FagSyl;BR01;46,9;11,3;11,3;12,46;8,59;10,525;alive;Broad-leaved;29,184;476796,012;5429076,666;265,198212
BR01_466;FagSyl;BR01;8,3;2,2;2,2;6;6,03;6,015;alive;Broad-leaved;9,860123169;476792,8916;5429077,643;264,66
BR01_467;FagSyl;BR01;6;0,8;0,8;6;6,03;6,015;alive;Broad-leaved;7,177726254;476792,9569;5429077,875;264,62
BR01_468;FagSyl;BR01;40,2;1,3;1,3;8,17;8,68;8,425;alive;Broad-leaved;31,416;476806,6158;5429082,436;266,299896
BR01_469;FagSyl;BR01;32,7;16,6;16,6;8,71;6,21;7,46;alive;Broad-leaved;29,836;476801,8758;5429080,191;265,710907
BR01_47;QuePet;BR01;10,7;6,3;8;2,9;2,4;2,65;alive;Broad-leaved;15,185;476734,46;5429059,584;256,300201
BR01_470;FagSyl;BR01;17,5;1,6;1,6;7,55;7,33;7,44;alive;Broad-leaved;15,677;476797,4155;5429080,279;264,96875
BR01_471;FagSyl;BR01;52,8;0,4;10,3;11,92;11,95;11,935;alive;Broad-leaved;33,102;476803,3298;5429088,145;265,119659
BR01_472;CarBet;BR01;29,4;2,7;2,7;12,1;10,32;11,21;alive;Broad-leaved;25,271;476793,924;5429084,332;264,01712
BR01_473;PruAvi;BR01;10;2,4;4;3,05;6,9;4,975;alive;Broad-leaved;10,95405502;476795,4532;5429092,385;263,08
BR01_474;FagSyl;BR01;53,4;8,2;8,2;10,23;9,94;10,085;alive;Broad-leaved;30,1859572;476748,3561;5429005,729;264,65
BR01_475;FagSyl;BR01;23,1;4,1;4,1;6,41;8,55;7,48;alive;Broad-leaved;21,29154533;476752,6442;5429005,818;265,19
BR01_476;FagSyl;BR01;44,8;12;12;9,21;8,65;8,93;alive;Broad-leaved;28,55059293;476755,0117;5429006,383;265,59
BR01_477;FagSyl;BR01;42,7;10,6;10,6;8,36;11,54;9,95;alive;Broad-leaved;28,07881757;476760,4384;5429006,362;266,3
BR01_478;FagSyl;BR01;41,2;17,2;17,2;8,52;5,82;7,17;alive;Broad-leaved;30,479;476753,588;5429013,394;264,589447
BR01_479;CarBet;BR01;5,6;0,5;0,5;2,88;3,59;3,235;alive;Broad-leaved;5,936156723;476760,833;5429001,707;267,34
BR01_48;PicAbi;BR01;19;1,4;5,7;3,2;4,2;3,7;alive;Coniferous;17,59;476731,9395;5429060,9;255,737503
BR01_480;QuePet;BR01;45,3;6,2;6,2;8,03;12,05;10,04;alive;Broad-leaved;29,91205304;476764,5276;5428998,27;268,48
BR01_481;FagSyl;BR01;6,6;0,5;0,5;5,68;4,58;5,13;alive;Broad-leaved;7,898810898;476764,9038;5429004,293;267,94
BR01_483;FagSyl;BR01;35,1;2,1;2,1;9,09;10,84;9,965;alive;Broad-leaved;28,767;476768,8455;5429004,721;269,003815
BR01_484;FagSyl;BR01;10,9;1;1;5,66;5,79;5,725;alive;Broad-leaved;12,5752862;476767,6591;5429011,2;267,78
BR01_485;AcePse;BR01;6;0,5;0,5;4,89;2,71;3,8;alive;Broad-leaved;7,925326341;476768,214;5429011,336;267,68
BR01_486;CarBet;BR01;5,1;0,9;0,9;3,72;4;3,86;alive;Broad-leaved;5,416064646;476769,3355;5429011,708;268,03
BR01_487;PruAvi;BR01;10;3,8;3,8;4,73;5,5;5,115;alive;Broad-leaved;10,95405502;476770,8457;5429011,493;268,57
BR01_488;CarBet;BR01;20,6;0,7;0,7;6,24;7,48;6,86;alive;Broad-leaved;16,9248478;476771,1218;5429015,506;268,15
BR01_489;PseMen;BR01;62;19,4;19,4;8,01;7,94;7,975;alive;Coniferous;38,828;476771,0618;5429016,626;268,007538
BR01_49;QuePet;BR01;22;4,1;4,1;5,9;7,5;6,7;alive;Broad-leaved;18,212;476730,4753;5429057,638;255,705811
BR01_490;FagSyl;BR01;5,2;1;1;4,31;3,76;4,035;alive;Broad-leaved;6,200856231;476766,6309;5429015,285;266,94
BR01_491;PseMen;BR01;53,5;19,9;19,9;7,42;10,04;8,73;alive;Coniferous;36,164;476762,0753;5429021,543;265,396698
BR01_492;FagSyl;BR01;49,2;5,3;5,3;10,45;12,41;11,43;alive;Broad-leaved;29,44102896;476759,2847;5429016,707;265,38
BR01_493;FagSyl;BR01;40,6;2,2;2,2;10,38;10,64;10,51;alive;Broad-leaved;27,5723171;476756,5187;5429015,754;265,06
BR01_494;CarBet;BR01;11,3;1,2;1,2;4,12;4,25;4,185;alive;Broad-leaved;11,103;476777,6853;5429081,309;262,111969
BR01_495;CarBet;BR01;10,8;1,1;1,1;5,33;3,51;4,42;alive;Broad-leaved;10,78995683;476772,2016;5429081,102;261,21
BR01_496;FagSyl;BR01;39;11,9;11,9;10,91;10,39;10,65;alive;Broad-leaved;22,722;476775,9475;5429082,05;261,807159
BR01_497;FagSyl;BR01;41,9;2,1;2,1;11,95;13,54;12,745;alive;Broad-leaved;19,586;476768,7855;5429085,212;260,383118
BR01_498;FraExc;BR01;5,7;7,2;7,2;2,82;3,93;3,375;alive;Broad-leaved;7,42960745;476767,0728;5429081,77;260,31
BR01_499;CarBet;BR01;6,3;3,2;3,2;4,32;4,13;4,225;alive;Broad-leaved;11,307;476772,507;5429082,034;261,170166
BR01_5;CarBet;BR01;5,8;1,1;1,1;3,18;4,72;3,95;alive;Broad-leaved;6,142729013;476718,6267;5429024,669;256,86
BR01_50;PruAvi;BR01;23,3;3,1;9,4;7,8;8,9;8,35;alive;Broad-leaved;18,885;476730,0035;5429052,539;256,166656
BR01_500;CarBet;BR01;5,3;2,5;2,5;3,46;1,5;2,48;alive;Broad-leaved;5,624627205;476770,466;5429080,171;261,16
BR01_501;PruAvi;BR01;20,3;3;3;7,85;6,5;7,175;alive;Broad-leaved;17,163;476768,7668;5429080,648;260,726593
BR01_502;PicAbi;BR01;12,9;0,2;1,7;3,27;3,57;3,42;alive;Coniferous;12,05073012;476763,3443;5429082,373;259,39
BR01_505;QuePet;BR01;35,4;9,3;9,3;10;10,57;10,285;alive;Broad-leaved;25,369;476773,274;5429062,137;263,585419
BR01_506;CarBet;BR01;6,2;1,05;1,05;4,83;6,7;5,765;alive;Broad-leaved;6,162;476776,3415;5429066,833;263,5845
BR01_507;FagSyl;BR01;42,5;4,7;4,7;9,18;11,74;10,46;alive;Broad-leaved;22,174;476765,6965;5429067,5;261,767
BR01_508;FagSyl;BR01;53,6;10,2;10,2;9,99;10,39;10,19;alive;Broad-leaved;28,228;476766,536;5429070,004;261,929
BR01_509;FagSyl;BR01;44,8;1,4;1,4;12,31;11,63;11,97;alive;Broad-leaved;26,148;476772,3108;5429070,788;262,51889
BR01_510;PruAvi;BR01;19,7;3,6;3,6;8,09;7,86;7,975;alive;Broad-leaved;18,041;476775,5733;5429070,105;263,08963
BR01_511;CarBet;BR01;6,3;1,4;1,4;3,6;7,37;5,485;alive;Broad-leaved;6,654265908;476773,1088;5429071,029;263,38
BR01_512;PruAvi;BR01;21,3;5,2;5,2;7,44;7,57;7,505;alive;Broad-leaved;17,996;476780,577;5429073,187;263,589355
BR01_513;FagSyl;BR01;4,7;2,5;2,5;2,47;3,52;2,995;alive;Broad-leaved;5,586096779;476773,9702;5429073,188;262,53
BR01_515;PruAvi;BR01;6,1;2,9;2,9;3,68;2,89;3,285;alive;Broad-leaved;6,986954214;476776,7045;5429075,594;262,62
BR01_516;PruAvi;BR01;11,3;5,6;5,6;3,95;4,71;4,33;alive;Broad-leaved;13,877;476778,8438;5429075,636;263,067566
BR01_517;FagSyl;BR01;5,2;1,2;1,2;4,81;4,02;4,415;alive;Broad-leaved;6,200856231;476774,164;5429076,627;262,2
BR01_518;PruAvi;BR01;8,2;4,9;4,9;4,28;4,23;4,255;alive;Broad-leaved;9,220823812;476772,7092;5429077,279;261,91
BR01_519;FraExc;BR01;11,7;7,7;7,7;4,48;4,69;4,585;alive;Broad-leaved;14,73550113;476778,2988;5429077,451;262,72
BR01_52;PicAbi;BR01;17,6;0,2;10,4;2,5;4,1;3,3;alive;Coniferous;15,93110484;476739,2743;5429081,428;254,72
BR01_520;PruAvi;BR01;11,2;7,1;7,1;6;4,42;5,21;alive;Broad-leaved;12,01421044;476776,4176;5429077,122;262,51
BR01_521;CarBet;BR01;5,8;2,9;2,9;3,89;2,59;3,24;alive;Broad-leaved;6,142729013;476774,939;5429077,141;262,29
BR01_522;PruAvi;BR01;10,5;7,4;7,4;6,38;4,86;5,62;alive;Broad-leaved;13,647;476778,5165;5429078,533;262,588623
BR01_523;FagSyl;BR01;11,4;1,7;1,7;6,3;4,52;5,41;alive;Broad-leaved;13,035;476775,9685;5429078,26;262,23111
BR01_524;FagSyl;BR01;31,6;4;4;9,07;9,68;9,375;alive;Broad-leaved;24,025;476770,588;5429075,929;261,74826
BR01_525;QuePet;BR01;7,4;2,5;2,5;3,5;4,9;4,2;alive;Broad-leaved;8,248856138;476751,77;5429054,323;259,9
BR01_526;PicAbi;BR01;20,5;1,3;6,5;3,5;2,6;3,05;alive;Coniferous;18,763;476755,4645;5429055,026;260,664307
BR01_528;PicAbi;BR01;7,9;1,6;2,6;2,5;2,4;2,45;alive;Coniferous;8,949;476762,8287;5429064,483;261,521118
BR01_529;QuePet;BR01;6,2;6,3;8,2;2,7;2,5;2,6;alive;Broad-leaved;16,318;476760,6633;5429048,234;262,309326
BR01_53;QuePet;BR01;5,5;2,5;2,5;5,7;2,2;3,95;alive;Broad-leaved;6,050716057;476753,8161;5429069,352;259,06
BR01_531;QuePet;BR01;16,7;6,2;6,2;5,4;6,7;6,05;alive;Broad-leaved;13,604;476758,0783;5429065,284;260,500519
BR01_535;QuePet;BR01;10,9;6,5;6,5;3,8;4,6;4,2;alive;Broad-leaved;13,656;476758,6308;5429059,174;260,868774
BR01_536;PicAbi;BR01;19,4;1;9,4;3,2;3,9;3,55;alive;Coniferous;16,67;476759,7357;5429056,715;261,394348
BR01_537;PicAbi;BR01;16,9;1,1;6,3;3,3;3,3;3,3;alive;Coniferous;14,606;476759,9785;5429054,499;261,632935
BR01_538;PicAbi;BR01;14,4;1,4;4;2,7;2,6;2,65;alive;Coniferous;15,832;476758,6843;5429055,236;261,299866
BR01_539;QuePet;BR01;19,4;6,7;6,7;5,8;6,1;5,95;alive;Broad-leaved;17,259;476755,882;5429056,601;260,69986
BR01_541;QuePet;BR01;14,5;6,2;6,2;4,7;4,8;4,75;alive;Broad-leaved;17,55;476750,4943;5429051,601;260,020508
BR01_542;QuePet;BR01;12,4;5,9;10,3;3,6;3,6;3,6;alive;Broad-leaved;15,306;476754,632;5429049,234;261,020691
BR01_543;PicAbi;BR01;16,5;0,6;10,2;2,7;2,6;2,65;alive;Coniferous;16,68;476750,5125;5429053,377;259,874786
BR01_544;PicAbi;BR01;24,9;1,7;9,5;4,4;4,6;4,5;alive;Coniferous;20,957;476753,1815;5429052,116;260,489655
BR01_545;PicAbi;BR01;13;0,6;6;2,5;2,2;2,35;alive;Coniferous;11,292;476754,6948;5429051,109;260,891968
BR01_546;QuePet;BR01;13,7;4,8;7,7;4,2;4,6;4,4;alive;Broad-leaved;16,151;476754,8005;5429053,469;260,718811
BR01_547;PicAbi;BR01;18,9;1,2;7,7;2,8;3,3;3,05;alive;Coniferous;16,643;476756,3713;5429052,571;261,149841
BR01_549;PicAbi;BR01;18,1;1,4;1,4;4,1;4,1;4,1;alive;Coniferous;16,42;476765,3758;5429051,855;262,824097
BR01_55;QuePet;BR01;10,1;3;3;9,2;3,7;6,45;alive;Broad-leaved;11,19657741;476750,8382;5429070,357;258,25
BR01_550;FagSyl;BR01;56,2;9,8;9,8;6,5;8,8;7,65;alive;Broad-leaved;14,774;476772,715;5429056,421;263,944244
BR01_552;PicAbi;BR01;15,3;0,5;4,3;3,2;4,1;3,65;alive;Coniferous;13,346;476767,3385;5429053,024;263,218719
BR01_554;PicAbi;BR01;16,3;1,8;6,4;3,9;3,8;3,85;alive;Coniferous;14,821;476761,8565;5429055,447;261,938934
BR01_555;PicAbi;BR01;18,3;1,1;3,2;3,7;3,9;3,8;alive;Coniferous;17,921;476768,454;5429056,39;263,107361
BR01_556;QuePet;BR01;18,2;5,8;8,8;5,3;5,3;5,3;alive;Broad-leaved;18,561;476765,7398;5429055,43;262,637512
BR01_557;PicAbi;BR01;15,7;0,5;8,9;3,5;3;3,25;alive;Coniferous;13,213;476764,1888;5429056,383;262,261169
BR01_558;PicAbi;BR01;10,6;0,9;8,8;2,5;2,9;2,7;alive;Coniferous;10,876;476761,3848;5429058,562;261,568634
BR01_559;QuePet;BR01;10,4;4,1;4,1;3,5;3,1;3,3;alive;Broad-leaved;9,502;476764,6858;5429058,388;262,186401
BR01_560;PicAbi;BR01;15,8;1,8;4,3;2,8;3,3;3,05;alive;Coniferous;14,271;476761,1783;5429060,012;261,371246
BR01_561;QuePet;BR01;10,1;5,7;5,7;3,7;4,6;4,15;alive;Broad-leaved;12,68;476763,3235;5429060,38;261,871124
BR01_562;FagSyl;BR01;24,9;2;2;8,2;6,2;7,2;alive;Broad-leaved;19,837;476771,6978;5429061,058;263,233154
BR01_563;FagSyl;BR01;30,3;0,3;0,3;8,7;8,9;8,8;alive;Broad-leaved;18,545;476769,168;5429061,372;262,774902
BR01_564;FagSyl;BR01;26,3;1,9;1,9;13,1;11,9;12,5;alive;Broad-leaved;20,69;476769,5563;5429063,473;262,697693
BR01_565;PicAbi;BR01;9,7;0,5;6,1;3,4;2,8;3,1;alive;Coniferous;13,55;476765,1453;5429063,289;261,962433
BR01_566;PicAbi;BR01;10;0,4;1,3;2,9;3,3;3,1;alive;Coniferous;9,026;476764,9105;5429065,831;261,751099
BR01_567;PicAbi;BR01;19;1;4,3;3,4;3,3;3,35;alive;Coniferous;15,124;476763,6645;5429062,423;261,77417
BR01_568;PicAbi;BR01;5,4;1;1;2,2;2,4;2,3;alive;Coniferous;3,246;476767,1622;5429043,371;264,096
BR01_569;QuePet;BR01;8,9;4,7;5,4;3,7;4,7;4,2;alive;Broad-leaved;10,874;476766,4433;5429043,731;263,762634
BR01_570;QuePet;BR01;7;4,4;6,9;3,4;1,7;2,55;alive;Broad-leaved;10,23;476766,367;5429045,71;263,60025
BR01_572;QuePet;BR01;10,5;5,2;5,2;3,7;4,4;4,05;alive;Broad-leaved;12,641;476768,8205;5429046,333;264,05957
BR01_573;QuePet;BR01;11,3;5,5;7,4;3,8;4,1;3,95;alive;Broad-leaved;15,266;476764,1408;5429045,036;263,123322
BR01_574;PicAbi;BR01;14,3;1,5;7;2,7;3,4;3,05;alive;Coniferous;15,691;476762,9783;5429045,212;262,949615
BR01_575;QuePet;BR01;12,5;3,7;6,4;3,4;4;3,7;alive;Broad-leaved;15,572;476760,5918;5429046,492;262,319641
BR01_578;QuePet;BR01;13,9;6,3;8,3;5,5;3,5;4,5;alive;Broad-leaved;16,146;476762,7813;5429047,107;262,777527
BR01_579;PicAbi;BR01;17,8;0,6;0,6;2,8;3,4;3,1;alive;Coniferous;16,08260886;476757,8908;5429047,811;261,73
BR01_58;AceCam;BR01;7,4;2;2;4,5;5,1;4,8;alive;Broad-leaved;7,049720292;476750,2503;5429072,787;257,94
BR01_580;QuePet;BR01;13,1;3;6,6;3,1;3,8;3,45;alive;Broad-leaved;9,493;476757,957;5429049,6;261,705627
BR01_581;QuePet;BR01;10,6;5,2;8,1;4,3;4,35;4,325;alive;Broad-leaved;15,017;476765,7775;5429047,579;263,322784
BR01_584;QuePet;BR01;14,1;5,3;5,3;5,3;6,9;6,1;alive;Broad-leaved;14,785;476767,7315;5429048,586;263,620148
BR01_586;QuePet;BR01;15,8;6,4;7,3;4,7;5,5;5,1;alive;Broad-leaved;17,35;476763,0905;5429050,903;262,577484
BR01_587;QuePet;BR01;16,7;4,4;4,4;7,1;5,8;6,45;alive;Broad-leaved;16,381;476761,3965;5429051,601;262,244568
BR01_588;QuePet;BR01;9,6;3;4,8;4,4;3,3;3,85;alive;Broad-leaved;10,67196729;476760,1501;5429103,777;255,08
BR01_589;FraExc;BR01;10,3;4,7;7,3;3,9;3,6;3,75;alive;Broad-leaved;13,21151836;476758,4812;5429102,326;255,07
BR01_590;QuePet;BR01;10,3;4,3;4,3;4;3,2;3,6;alive;Broad-leaved;12,027;476762,4503;5429109,754;254,514481
BR01_591;QuePet;BR01;17,1;2,7;5,3;5,1;4,7;4,9;alive;Broad-leaved;13,993;476760,4853;5429111,15;253,984344
BR01_592;QuePet;BR01;17,8;2,4;4,3;4,8;5,9;5,35;alive;Broad-leaved;15,082;476760,2903;5429108,436;254,539917
BR01_593;QuePet;BR01;20,2;3;4;6,7;8,1;7,4;alive;Broad-leaved;13,65;476758,3553;5429106,938;254,48024
BR01_594;QuePet;BR01;11,3;3,3;6,2;4,1;4,1;4,1;alive;Broad-leaved;11,346;476758,4188;5429103,986;254,921219
BR01_595;QuePet;BR01;12,7;3,8;5,7;4,8;2,5;3,65;alive;Broad-leaved;12,699;476755,588;5429105,583;254,142975
BR01_596;QuePet;BR01;17,2;3,7;5,4;3,4;5,2;4,3;alive;Broad-leaved;17,51675138;476758,7023;5429112,189;253,61
BR01_597;FagSyl;BR01;5,4;1,1;1,1;3,8;2,8;3,3;alive;Broad-leaved;9,51;476765,4855;5429098,106;257,378113
BR01_598;FraExc;BR01;11;4,8;4,8;3,47;3,87;3,67;alive;Broad-leaved;13,388;476768,1363;5429097,019;258,042969
BR01_599;FagSyl;BR01;6,9;3;3;4,17;3,68;3,925;alive;Broad-leaved;8,254360297;476761,5332;5429096,583;256,88
BR01_6;CarBet;BR01;6;0,8;0,8;2,81;4,63;3,72;alive;Broad-leaved;6,348243838;476719,2658;5429024,882;256,98
BR01_60;QuePet;BR01;18;4,3;4,3;8,9;6,7;7,8;alive;Broad-leaved;14,745;476751,3075;5429076,348;257,695221
BR01_600;FagSyl;BR01;8,2;0,5;0,5;4,9;4,61;4,755;alive;Broad-leaved;9,957;476766,6613;5429099,215;257,393951
BR01_601;FagSyl;BR01;9,7;0,45;0,45;4,9;4,61;4,755;alive;Broad-leaved;10,528;476767,3623;5429100,162;257,35379
BR01_602;CarBet;BR01;7,1;1,9;1,9;4,51;3,03;3,77;alive;Broad-leaved;9,51;476768,0103;5429099,677;257,540894
BR01_603;FagSyl;BR01;37,7;2,2;2,2;12,94;12,49;12,715;alive;Broad-leaved;20,98;476774,362;5429099,182;258,750458
BR01_604;FraExc;BR01;9,8;4,3;6,8;4,5;4,3;4,4;alive;Broad-leaved;12,563;476771,1913;5429101,431;257,692413
BR01_605;FraExc;BR01;10;3,2;8,9;3;3,8;3,4;alive;Broad-leaved;12,732;476771,0795;5429102,308;257,398834
BR01_606;AcePse;BR01;5,7;3,3;5,8;3,3;4,2;3,75;alive;Broad-leaved;7,560125177;476768,912;5429105,616;256,37
BR01_607;FagSyl;BR01;8,3;1;1;4,6;4,3;4,45;alive;Broad-leaved;9,860123169;476765,5164;5429104,747;255,84
BR01_609;FagSyl;BR01;14,8;0,4;0,4;7,3;6,4;6,85;alive;Broad-leaved;16,0012679;476763,9384;5429103,656;255,87
BR01_610;QuePet;BR01;16,4;2,4;4,6;5,3;5,3;5,3;alive;Broad-leaved;16,90429388;476761,1685;5429100,355;256
BR01_611;QuePet;BR01;7,5;6,1;6,1;3;3,2;3,1;alive;Broad-leaved;8,362566399;476761,2277;5429102,938;255,45
BR01_612;QuePet;BR01;14,8;2,5;5,4;4,9;6,3;5,6;alive;Broad-leaved;15,60810492;476764,1627;5429106,648;255,21
BR01_613;QuePet;BR01;15,1;3,8;8,1;4,9;4,3;4,6;alive;Broad-leaved;15,85862684;476762,2484;5429105,106;255,29
BR01_614;QuePet;BR01;6,1;1,7;NA;3,3;2;2,65;alive;Broad-leaved;6,749750119;476761,3265;5429105,83;255,09
BR01_615;QuePet;BR01;14,2;1,9;5,9;4,5;5,8;5,15;alive;Broad-leaved;15,09635106;476764,7737;5429109,024;255,01
BR01_616;QuePet;BR01;16,9;2,8;4,6;5,7;4,3;5;alive;Broad-leaved;13,095;476764,4446;5429108,566;255,137283
BR01_617;FagSyl;BR01;5,3;0,7;0,7;4,2;4,2;4,2;alive;Broad-leaved;6,323610679;476760,2545;5429104,123;255,19
BR01_618;FraExc;BR01;9,1;8,1;8,1;2,91;3,64;3,275;alive;Broad-leaved;12,215;476765,3225;5429090,181;258,66629
BR01_619;QuePet;BR01;10;3,2;3,2;2,96;2,96;2,96;alive;Broad-leaved;11,178;476763,2963;5429090,925;258,074219
BR01_620;QuePet;BR01;10,1;1,5;4,5;3,51;3,76;3,635;alive;Broad-leaved;11,939;476761,6063;5429091,849;257,550781
BR01_621;CarBet;BR01;5,2;1,2;1,2;4,08;3,73;3,905;alive;Broad-leaved;5,520418712;476756,2841;5429091,377;256,54
BR01_622;QuePet;BR01;16,1;3,3;3,3;5,36;4,8;5,08;alive;Broad-leaved;14,503;476759,771;5429092,621;257,172974
BR01_623;QuePet;BR01;8,7;3;3;2,69;3,28;2,985;alive;Broad-leaved;13,77;476758,2634;5429093,438;256,668213
BR01_624;FagSyl;BR01;7;0,9;0,9;3,8;5,9;4,85;alive;Broad-leaved;8,372053374;476758,493;5429094,46;256,45
BR01_625;FagSyl;BR01;7,8;0,9;0,9;3,8;5,9;4,85;alive;Broad-leaved;10,561;476762,8018;5429095,02;257,446045
BR01_626;QuePet;BR01;6,9;6,1;6,1;3,5;3,4;3,45;alive;Broad-leaved;7,88;476762,2583;5429096,525;257,14525
BR01_627;CarBet;BR01;5,3;3,1;3,1;2,27;2,64;2,455;alive;Broad-leaved;5,624627205;476763,0483;5429090,03;258,04
BR01_628;CarBet;BR01;8,1;1,6;1,6;3,59;3,34;3,465;alive;Broad-leaved;8,418515302;476761,8989;5429091,226;257,73
BR01_629;CarBet;BR01;6,8;1,8;1,8;3,08;3,26;3,17;alive;Broad-leaved;7,157456952;476761,881;5429092,008;257,6
BR01_630;FagSyl;BR01;6,1;1,6;1,6;3,58;3,25;3,415;alive;Broad-leaved;7,298735496;476763,6179;5429091,926;257,97
BR01_631;FagSyl;BR01;5,5;1,8;1,8;3,58;3,25;3,415;alive;Broad-leaved;6,56868808;476763,6487;5429092,107;257,97
BR01_632;FagSyl;BR01;8,3;3;3;3,39;3,8;3,595;alive;Broad-leaved;9,860123169;476763,6015;5429092,794;257,69
BR01_633;CarBet;BR01;6;2,9;2,9;2,9;3,67;3,285;alive;Broad-leaved;6,348243838;476761,7812;5429094,287;257,31
BR01_634;PicAbi;BR01;11,7;0,1;0,1;3,42;3,24;3,33;alive;Coniferous;10,9618309;476762,0666;5429094,792;257,2
BR01_635;CarBet;BR01;8,3;1,7;1,7;3,67;4,81;4,24;alive;Broad-leaved;11,291;476768,1595;5429095,683;258,22464
BR01_636;FagSyl;BR01;5,8;1,9;1,9;2,85;3,11;2,98;alive;Broad-leaved;6,934849544;476764,8012;5429096,04;257,56
BR01_637;CarBet;BR01;5;3;3;2,73;3,38;3,055;alive;Broad-leaved;9,117;476769,6263;5429096,238;258,536194
BR01_638;QuePet;BR01;13,6;7,2;7,2;4,8;5,3;5,05;alive;Broad-leaved;15,008;476750,9363;5429096,844;254,607224
BR01_639;QuePet;BR01;9,5;6,4;7,3;4,3;3,6;3,95;alive;Broad-leaved;10,56580397;476748,1267;5429095,755;254,2
BR01_64;PicAbi;BR01;17,9;1,5;5,6;3,5;4,7;4,1;alive;Coniferous;16,198;476755,9623;5429077,736;258,613098
BR01_640;QuePet;BR01;20,2;5,8;9,1;5,6;5,9;5,75;alive;Broad-leaved;18,405;476754,8665;5429094,726;255,831543
BR01_641;QuePet;BR01;8,9;2,6;2,6;2,8;2,5;2,65;alive;Broad-leaved;12,973;476756,7653;5429093,956;256,236938
BR01_642;QuePet;BR01;17,9;3,5;8,2;4,2;5,5;4,85;alive;Broad-leaved;16,787;476753,6215;5429098,148;254,979614
BR01_643;QuePet;BR01;18,8;4,7;5,7;5,5;5,6;5,55;alive;Broad-leaved;15,883;476756,9935;5429096,484;255,868256
BR01_644;QuePet;BR01;10,1;4,5;4,5;3,7;3,4;3,55;alive;Broad-leaved;13,4;476758,8268;5429095,742;256,534058
BR01_645;QuePet;BR01;8,2;4,5;7,2;2,6;4;3,3;alive;Broad-leaved;10,672;476762,049;5429093,979;257,367279
BR01_646;QuePet;BR01;17,6;5,5;5,5;4,7;5,4;5,05;alive;Broad-leaved;14,542;476754,834;5429100,75;254,913574
BR01_647;QuePet;BR01;16,3;2,1;4,7;3,8;3,5;3,65;alive;Broad-leaved;13,658;476756,711;5429099,302;255,314285
BR01_649;QuePet;BR01;11,9;4,4;7,3;3;3,9;3,45;alive;Broad-leaved;12,321;476761,0693;5429097,208;256,769104
BR01_65;QuePet;BR01;4,2;1,4;1,4;3;5,3;4,15;alive;Broad-leaved;4,551552193;476752,7565;5429076,858;257,93
BR01_650;QuePet;BR01;10;5,8;6,6;2,4;2,6;2,5;alive;Broad-leaved;11,958;476754,8075;5429103,366;254,379684
BR01_651;AceCam;BR01;6,4;1,1;1,1;3,9;3,6;3,75;alive;Broad-leaved;6,767;476755,6133;5429103,762;254,481
BR01_652;AceCam;BR01;6,4;1,1;1,1;6,5;6;6,25;alive;Broad-leaved;7,031;476757,5725;5429102,719;254,985321
BR01_653;FagSyl;BR01;5;0,8;0,8;5,5;3,8;4,65;alive;Broad-leaved;5,955055925;476755,12;5429103,501;254,53
BR01_654;QuePet;BR01;12;1,7;3,8;4,8;4,2;4,5;alive;Broad-leaved;13,09298522;476755,7446;5429099,924;255,01
BR01_656;CarBet;BR01;8,5;1,4;1,4;4,2;4;4,1;alive;Broad-leaved;8,79142432;476758,5972;5429099,716;255,78
BR01_657;QuePet;BR01;5,4;3,3;5;2,2;2,8;2,5;alive;Broad-leaved;5,934239838;476759,8995;5429097,937;256,21
BR01_659;QuePet;BR01;12,1;3;3;2,1;3;2,55;alive;Broad-leaved;13,18849092;476738,7776;5429060,458;256,91
BR01_66;QuePet;BR01;7,5;2;2;5,8;3,7;4,75;alive;Broad-leaved;8,362566399;476754,292;5429074,425;258,62
BR01_664;PicAbi;BR01;15,9;0,4;10,6;2,5;2,8;2,65;alive;Coniferous;16,873;476736,55;5429068,323;255,778885
BR01_666;PicAbi;BR01;19,6;0,2;9;3,8;3,2;3,5;alive;Coniferous;18,258;476748,8984;5429062,093;258,763794
BR01_667;PicAbi;BR01;14,9;0,5;2;5;5,8;5,4;alive;Coniferous;13,77771755;476762,0902;5429040,564;263,07
BR01_668;PicAbi;BR01;12,8;0,6;6,4;3,7;4,3;4;alive;Coniferous;13,979;476763,91;5429043,27;263,247742
BR01_669;PicAbi;BR01;16,1;1,1;6,4;2,8;3,5;3,15;alive;Coniferous;14,715;476761,9585;5429044,234;262,833008
BR01_670;PicAbi;BR01;20,8;0,8;1,8;4,5;5,1;4,8;alive;Coniferous;15,778;476760,2905;5429043,146;262,80925
BR01_672;QuePet;BR01;17,9;4,6;10,7;6,1;6,7;6,4;alive;Broad-leaved;17,109;476757,1558;5429044,272;261,965332
BR01_673;QuePet;BR01;10,4;7,1;11;2,8;3,1;2,95;alive;Broad-leaved;12,402;476755,906;5429045,214;261,64682
BR01_674;FagSyl;BR01;50,1;4,5;4,5;12,2;10,9;11,55;alive;Broad-leaved;30,661;476753,6015;5429040,548;261,684937
BR01_675;CarBet;BR01;6,9;3,1;3,1;6,4;6,5;6,45;alive;Broad-leaved;7,25697297;476750,6162;5429038,555;261,41
BR01_676;PicAbi;BR01;19,3;0,5;6,9;4,1;4,9;4,5;alive;Coniferous;18,719;476748,598;5429050,585;259,731812
BR01_677;QuePet;BR01;12,5;2,3;13;3,3;2,8;3,05;alive;Broad-leaved;14,67;476751,2658;5429049,362;260,397766
BR01_678;PicAbi;BR01;17,9;1;4,9;3,8;3,7;3,75;alive;Coniferous;16,861;476752,1588;5429048,597;260,717255
BR01_680;PicAbi;BR01;18,7;1,6;6,3;4,2;3,6;3,9;alive;Coniferous;16,7510982;476746,527;5429047,219;259,86
BR01_681;SalCap;BR01;24,6;1,6;9;6,4;9,2;7,8;alive;Broad-leaved;21,05651336;476751,034;5429043,796;260,824615
BR01_682;CarBet;BR01;8,7;1,7;3,4;5,1;5,4;5,25;alive;Broad-leaved;9,798;476752,4598;5429042,582;261,321381
BR01_683;CarBet;BR01;6,5;2,1;2,1;5,5;5,6;5,55;alive;Broad-leaved;10,861;476750,1423;5429040,136;261,151428
BR01_684;FagSyl;BR01;25,3;0,3;0,3;8;7,9;7,95;alive;Broad-leaved;19,258;476736,951;5429014,618;261,44
BR01_686;QuePet;BR01;37,9;6,5;6,5;7,8;8,4;8,1;alive;Broad-leaved;27,79242377;476743,8549;5429007,65;263,62
BR01_687;FagSyl;BR01;25,9;1,2;1,2;8,5;7,3;7,9;alive;Broad-leaved;20,634;476744,47;5429011,87;263,225
BR01_688;FagSyl;BR01;28,6;0,2;0,2;8,6;7,8;8,2;alive;Broad-leaved;23,77978675;476747,8317;5429009,745;264,16
BR01_689;FagSyl;BR01;44;6,8;6,8;10,4;11,7;11,05;alive;Broad-leaved;30,262;476743,411;5429017,059;262,527985
BR01_690;FagSyl;BR01;43,6;13,3;13,3;12,4;9,8;11,1;alive;Broad-leaved;30,548;476750,468;5429018,612;263,464813
BR01_691;FagSyl;BR01;21,9;0,7;0,7;6,3;8,7;7,5;alive;Broad-leaved;20,65802298;476742,6212;5429018,889;262,25
BR01_692;CarBet;BR01;6,7;1,1;1,1;6,6;4,5;5,55;alive;Broad-leaved;7,057554359;476752,0597;5429024,261;263,1
BR01_693;CarBet;BR01;16,7;1,7;1,7;7,1;9,5;8,3;alive;Broad-leaved;14,87440362;476749,9315;5429025,604;262,69
BR01_694;FagSyl;BR01;34,7;2,1;2,1;11,2;13;12,1;alive;Broad-leaved;20,02;476745,572;5429028,886;261,636597
BR01_695;FagSyl;BR01;33,7;0,8;0,8;9,5;9,4;9,45;alive;Broad-leaved;22,512;476737,005;5429026,312;260,4039
BR01_696;CarBet;BR01;5;0,7;0,7;3,5;3,5;3,5;alive;Broad-leaved;5,311589287;476735,6485;5429024,529;260,25
BR01_698;PseMen;BR01;30,8;11;11;6,3;5,5;5,9;alive;Coniferous;23,004;476772,8545;5429087,498;260,597626
BR01_699;FagSyl;BR01;5,1;4,3;4,3;3,1;5;4,05;alive;Broad-leaved;6,077994779;476769,8301;5429088,665;259,8
BR01_7;CarBet;BR01;6;1,5;1,5;4,07;5,52;4,795;alive;Broad-leaved;6,348243838;476721,9043;5429018,177;258,28
BR01_70;PicAbi;BR01;16,1;0,3;5,7;3,4;3,5;3,45;alive;Coniferous;12,245;476765,4283;5429083,542;259,819641
BR01_700;FagSyl;BR01;5,4;2,8;4,1;2,9;3,3;3,1;alive;Broad-leaved;6,446230121;476770,4692;5429088,133;260,03
BR01_701;FagSyl;BR01;5,1;5,1;5,1;4,2;4;4,1;alive;Broad-leaved;6,077994779;476770,3777;5429088,942;259,85
BR01_702;FagSyl;BR01;5,3;2,5;2,5;4;3,3;3,65;alive;Broad-leaved;6,323610679;476770,4211;5429089,14;259,85
BR01_703;FagSyl;BR01;6,1;4,8;6;3,6;3,4;3,5;alive;Broad-leaved;7,298735496;476771,428;5429089,916;259,97
BR01_704;FagSyl;BR01;4,9;7;7;3,7;2,6;3,15;alive;Broad-leaved;5,832070955;476769,3814;5429091,426;259,31
BR01_705;QuePet;BR01;46,5;1,8;7;9,9;7,9;8,9;alive;Broad-leaved;24,939;476770,6655;5429090,516;259,687256
BR01_706;CarBet;BR01;7,8;2,2;NA;5,4;3,5;4,45;alive;Broad-leaved;8,601;476771,4328;5429093,249;259,432709
BR01_707;CarBet;BR01;8;1,3;1,3;6;6,2;6,1;alive;Broad-leaved;7,574;476772,88;5429094,674;259,389496
BR01_708;CarBet;BR01;9,8;1,7;1,7;6,2;4,5;5,35;alive;Broad-leaved;12,83;476775,6485;5429092,202;260,215393
BR01_709;PruAvi;BR01;14,8;2;6,8;5,2;5,3;5,25;alive;Broad-leaved;15,566;476776,1345;5429090,131;260,63208
BR01_71;QuePet;BR01;7,2;2,2;6,9;2,7;3,8;3,25;alive;Broad-leaved;10,914;476763,3723;5429081,047;259,708466
BR01_710;FagSyl;BR01;6,4;5,5;10,5;4,3;4,2;4,25;alive;Broad-leaved;11,696;476777,0563;5429088,465;261,018799
BR01_711;PseMen;BR01;56,3;24,1;24,1;9,1;8,6;8,85;alive;Coniferous;35,603;476776,1528;5429086,5;261,234528
BR01_712;CarBet;BR01;7,7;4;4;4,9;4,6;4,75;alive;Broad-leaved;10,591;476775,5498;5429086,178;261,234894
BR01_715;QuePet;BR01;8,2;4,8;7,3;2,6;2,8;2,7;alive;Broad-leaved;9,149935108;476772,3854;5429084,346;260,86
BR01_716;CarBet;BR01;7,8;1,7;1,7;4,5;3,7;4,1;alive;Broad-leaved;11,334;476773,8368;5429083,365;261,254852
BR01_717;FagSyl;BR01;5,6;5,3;6,4;3,8;4;3,9;alive;Broad-leaved;6,690959522;476770,3794;5429083,948;260,56
BR01_718;CarBet;BR01;5,9;3;3;3,1;4,3;3,7;alive;Broad-leaved;6,245626724;476776,3576;5429081,744;261,95
BR01_719;FagSyl;BR01;8,1;5,9;6,2;4,3;3,5;3,9;alive;Broad-leaved;9,636550668;476774,5161;5429084,636;261,34
BR01_72;QuePet;BR01;7,8;5;5;3,1;3,3;3,2;alive;Broad-leaved;8,701924194;476760,7552;5429080,366;259,17
BR01_720;FagSyl;BR01;9,1;1,4;1,4;5,5;5,5;5,5;alive;Broad-leaved;10,73372441;476776,5184;5429086,968;261,21
BR01_721;PruAvi;BR01;16,2;3,3;4,6;7,1;5,6;6,35;alive;Broad-leaved;15,821;476781,4228;5429083,95;262,350281
BR01_722;CarBet;BR01;5,1;1,4;1,4;4,4;4,8;4,6;alive;Broad-leaved;5,416064646;476774,3388;5429088,008;260,65
BR01_723;PruAvi;BR01;18,3;3,2;7,6;7;5,8;6,4;alive;Broad-leaved;17,374;476779,4325;5429091,57;260,870331
BR01_724;CarBet;BR01;8,3;2,1;6,3;4,6;4,4;4,5;alive;Broad-leaved;9,451;476777,4086;5429090,928;260,660431
BR01_725;CarBet;BR01;7,3;1,2;1,2;4,8;5,7;5,25;alive;Broad-leaved;9,889;476779,977;5429094,217;260,458527
BR01_726;FraExc;BR01;11,4;2;2;3,7;2,4;3,05;alive;Broad-leaved;14,41843283;476776,9978;5429089,822;260,72
BR01_727;AcePse;BR01;8,6;8,5;8,5;4,3;4;4,15;alive;Broad-leaved;10,80643797;476777,9679;5429089,428;260,96
BR01_728;PruAvi;BR01;4,7;2;4;4,3;4;4,15;alive;Broad-leaved;7,979;476784,1215;5429085,661;262,578705
BR01_729;AcePse;BR01;6,3;4,9;4,9;3,4;3,7;3,55;alive;Broad-leaved;8,284001702;476780,6233;5429089,319;261,24
BR01_730;CarBet;BR01;5,3;1,2;1,2;4,6;4,3;4,45;alive;Broad-leaved;5,624627205;476780,382;5429090,399;261,21
BR01_731;FagSyl;BR01;51;2,5;2,5;11,3;9,7;10,5;alive;Broad-leaved;30,278;476787,1205;5429089,525;262,503143
BR01_732;FraExc;BR01;6,9;2,2;2,2;5,9;3,9;4,9;alive;Broad-leaved;9,039587897;476780,8484;5429092,616;260,8
BR01_733;FagSyl;BR01;31,4;0,3;0,3;9,8;12,1;10,95;alive;Broad-leaved;23,033;476783,9063;5429094,232;261,078674
BR01_734;AcePse;BR01;5,3;2,5;2,5;3;2,7;2,85;alive;Broad-leaved;7,063525907;476780,8201;5429098,083;259,82
BR01_735;FagSyl;BR01;43,8;0,2;0,2;9,9;9,1;9,5;alive;Broad-leaved;26,967;476786,6293;5429099,796;260,533051
BR01_736;CarBet;BR01;12;2;3,6;6,1;5,5;5,8;alive;Broad-leaved;11,73560873;476771,174;5429095,036;258,95
BR01_737;FagSyl;BR01;6,9;4,4;5,9;3,7;4;3,85;alive;Broad-leaved;8,254360297;476774,0691;5429086,832;260,71
BR01_738;LarDec;BR01;38,2;9,5;9,5;7,4;6,3;6,85;alive;Coniferous;29,674;476776,1528;5429100,766;258,514069
BR01_739;CarBet;BR01;6,3;1;1;5,3;4,3;4,8;alive;Broad-leaved;6,654265908;476773,7504;5429101,116;258,31
BR01_74;QuePet;BR01;4,7;3,8;3,8;2,9;2,6;2,75;alive;Broad-leaved;5,122711165;476760,0547;5429078,934;259,18
BR01_740;FagSyl;BR01;36,9;1;1;11,1;8,9;10;alive;Broad-leaved;22,924;476781,438;5429100,351;259,505646
BR01_741;CarBet;BR01;6;1,6;1,6;5,4;3,4;4,4;alive;Broad-leaved;6,348243838;476774,0418;5429103,733;257,55
BR01_742;FagSyl;BR01;47,9;5,5;6,6;10,7;11,5;11,1;alive;Broad-leaved;25,705;476783,2523;5429080,116;263,337189
BR01_77;PicAbi;BR01;16,2;0,5;6,8;3,3;3,8;3,55;alive;Coniferous;15,77;476757,5493;5429078,799;258,714661
BR01_78;PicAbi;BR01;16,7;1,2;7,4;2,8;3,7;3,25;alive;Coniferous;16,249;476757,6183;5429080,606;258,469879
BR01_79;AcePse;BR01;9,6;6,5;6,5;4,1;4,4;4,25;alive;Broad-leaved;12,119;476759,2813;5429081,477;258,724548
BR01_8;CarBet;BR01;5;1,2;1,2;3,82;3,58;3,7;alive;Broad-leaved;5,311589287;476722,8097;5429020,432;258,07
BR01_80;PicAbi;BR01;14,6;0,2;8,6;2,7;3,3;3;alive;Coniferous;16,717;476757,2535;5429082,401;258,149353
BR01_81;PicAbi;BR01;14,9;0,4;8,5;3,4;3,3;3,35;alive;Coniferous;15,102;476755,8728;5429081,675;257,989319
BR01_82;PicAbi;BR01;18,1;0,6;7,3;2,8;3,4;3,1;alive;Coniferous;15,497;476755,295;5429079,702;258,224426
BR01_84;PicAbi;BR01;18,1;1;8,8;4;3,5;3,75;alive;Coniferous;17,017;476754,232;5429082,238;257,483398
BR01_85;PicAbi;BR01;23,8;0,5;7,9;4,1;5,1;4,6;alive;Coniferous;19,808;476755,4298;5429085,182;257,428253
BR01_86;PicAbi;BR01;22,4;0,2;5,2;3,8;4,5;4,15;alive;Coniferous;19,721;476755,8578;5429087,552;257,178131
BR01_87;QuePet;BR01;5,4;5,4;5,4;4,3;5,2;4,75;alive;Broad-leaved;5,934239838;476753,6273;5429086,377;256,56
BR01_9;FagSyl;BR01;40;2;2;8,33;7,46;7,895;alive;Broad-leaved;27,307;476732,048;5429021,549;260,003571
BR01_90;PicAbi;BR01;17,3;0,3;11,5;4,4;3,6;4;alive;Coniferous;15,952;476762,6866;5429084,408;258,985718
BR01_91;FagSyl;BR01;8,2;7,4;7,4;2,4;3,6;3;alive;Broad-leaved;10,975;476763,7835;5429086,278;258,955597
BR01_92;FagSyl;BR01;6,2;3,2;3,2;2,4;3,5;2,95;alive;Broad-leaved;10,891;476764,3655;5429086,607;259,063507
BR01_93;FagSyl;BR01;6,1;6,1;6,1;3,2;2,5;2,85;alive;Broad-leaved;10,938;476765,046;5429086,837;259,111542
BR01_94;FagSyl;BR01;5,4;1,9;1,9;3,2;3;3,1;alive;Broad-leaved;7,837;476765,1738;5429088,049;259,067841
BR01_95;CarBet;BR01;7,3;6,4;6,4;2,5;3,1;2,8;alive;Broad-leaved;11,466;476764,0883;5429088,036;258,802094
BR01_96;FagSyl;BR01;4,2;2,3;4,6;3,4;3,7;3,55;alive;Broad-leaved;4,972910143;476759,7528;5429086,968;257,89
BR01_97;QuePet;BR01;12,4;5,5;8,3;3,2;3,3;3,25;alive;Broad-leaved;12,794;476761,9285;5429089,059;258,066711
BR01_98;FagSyl;BR01;12,7;4;4;6,4;6,7;6,55;alive;Broad-leaved;13,624;476759,4735;5429088,375;257,696655
BR01_99;QuePet;BR01;10,2;6,3;6,3;3,3;3,1;3,2;alive;Broad-leaved;12,527;476758,746;5429090,584;257,207245
